cadena,bandera,provincia,lat,lon,id_comercio,id_sucursal
Carrefour,Hipermercado Carrefour,AR-A,-37.109035,-56.893105,10,73
Carrefour,Hipermercado Carrefour,AR-A,-34.343910,-58.789791,10,187
Carrefour,Hipermercado Carrefour,AR-A,-24.789072,-65.413696,10,112
Carrefour,Hipermercado Carrefour,AR-A,-24.781284,-65.401665,10,171
Carrefour,Hipermercado Carrefour,AR-A,-24.779652,-65.427437,10,175
Carrefour,Hipermercado Carrefour,AR-A,-24.187189,-65.303711,10,502
Carrefour,Hipermercado Carrefour,AR-B,-38.929333,-69.207413,10,68
Carrefour,Hipermercado Carrefour,AR-B,-38.720409,-62.267941,10,114
Carrefour,Hipermercado Carrefour,AR-B,-38.000668,-57.547722,10,191
Carrefour,Hipermercado Carrefour,AR-B,-37.998924,-57.553650,10,130
Carrefour,Hipermercado Carrefour,AR-B,-37.953876,-57.579193,10,22
Carrefour,Hipermercado Carrefour,AR-B,-37.326473,-59.135086,10,134
Carrefour,Hipermercado Carrefour,AR-B,-37.324112,-59.114567,10,31
Carrefour,Hipermercado Carrefour,AR-B,-37.314388,-59.148590,10,57
Carrefour,Hipermercado Carrefour,AR-B,-36.908070,-60.314098,10,296
Carrefour,Hipermercado Carrefour,AR-B,-36.893696,-60.321651,10,139
Carrefour,Hipermercado Carrefour,AR-B,-36.610397,-64.281609,10,67
Carrefour,Hipermercado Carrefour,AR-B,-34.923012,-57.949932,10,144
Carrefour,Hipermercado Carrefour,AR-B,-34.913498,-57.951820,10,109
Carrefour,Hipermercado Carrefour,AR-B,-34.893654,-57.996155,10,8
Carrefour,Hipermercado Carrefour,AR-B,-34.889130,-58.385269,10,457
Carrefour,Hipermercado Carrefour,AR-B,-34.883091,-58.388229,10,56
Carrefour,Hipermercado Carrefour,AR-B,-34.859303,-58.386272,10,450
Carrefour,Hipermercado Carrefour,AR-B,-34.851158,-58.077030,10,445
Carrefour,Hipermercado Carrefour,AR-B,-34.828178,-58.390160,10,448
Carrefour,Hipermercado Carrefour,AR-B,-34.815907,-58.427563,10,451
Carrefour,Hipermercado Carrefour,AR-B,-34.812069,-58.399418,10,23
Carrefour,Hipermercado Carrefour,AR-B,-34.810017,-58.457241,10,461
Carrefour,Hipermercado Carrefour,AR-B,-34.808044,-58.275429,10,449
Carrefour,Hipermercado Carrefour,AR-B,-34.799053,-58.395115,10,388
Carrefour,Hipermercado Carrefour,AR-B,-34.788540,-58.522472,10,496
Carrefour,Hipermercado Carrefour,AR-B,-34.780838,-58.457943,10,16
Carrefour,Hipermercado Carrefour,AR-B,-34.780472,-58.263130,10,444
Carrefour,Hipermercado Carrefour,AR-B,-34.779587,-58.279266,10,49
Carrefour,Hipermercado Carrefour,AR-B,-34.773098,-58.645218,10,477
Carrefour,Hipermercado Carrefour,AR-B,-34.768772,-58.411274,10,231
Carrefour,Hipermercado Carrefour,AR-B,-34.760265,-58.206631,10,495
Carrefour,Hipermercado Carrefour,AR-B,-34.753174,-58.238293,10,452
Carrefour,Hipermercado Carrefour,AR-B,-34.752495,-58.343235,10,464
Carrefour,Hipermercado Carrefour,AR-B,-34.751656,-58.583439,10,498
Carrefour,Hipermercado Carrefour,AR-B,-34.750546,-58.586040,10,471
Carrefour,Hipermercado Carrefour,AR-B,-34.748714,-58.223591,10,704
Carrefour,Hipermercado Carrefour,AR-B,-34.748146,-58.411228,10,52
Carrefour,Hipermercado Carrefour,AR-B,-34.737007,-58.435219,10,706
Carrefour,Hipermercado Carrefour,AR-B,-34.735912,-58.277988,10,7
Carrefour,Hipermercado Carrefour,AR-B,-34.735218,-58.433861,10,453
Carrefour,Hipermercado Carrefour,AR-B,-34.729679,-58.263924,10,462
Carrefour,Hipermercado Carrefour,AR-B,-34.729202,-58.352894,10,446
Carrefour,Hipermercado Carrefour,AR-B,-34.722370,-58.339005,10,459
Carrefour,Hipermercado Carrefour,AR-B,-34.720951,-58.363083,10,460
Carrefour,Hipermercado Carrefour,AR-B,-34.720448,-58.462849,10,458
Carrefour,Hipermercado Carrefour,AR-B,-34.720261,-58.254951,10,454
Carrefour,Hipermercado Carrefour,AR-B,-34.715469,-58.298862,10,227
Carrefour,Hipermercado Carrefour,AR-B,-34.710793,-58.422569,10,456
Carrefour,Hipermercado Carrefour,AR-B,-34.707005,-58.438946,10,422
Carrefour,Hipermercado Carrefour,AR-B,-34.706482,-58.389854,10,466
Carrefour,Hipermercado Carrefour,AR-B,-34.704433,-58.582954,10,468
Carrefour,Hipermercado Carrefour,AR-B,-34.704182,-58.316933,10,465
Carrefour,Hipermercado Carrefour,AR-B,-34.703560,-58.743389,10,474
Carrefour,Hipermercado Carrefour,AR-B,-34.697533,-58.625614,10,483
Carrefour,Hipermercado Carrefour,AR-B,-34.697533,-58.601257,10,499
Carrefour,Hipermercado Carrefour,AR-B,-34.697529,-58.302113,10,443
Carrefour,Hipermercado Carrefour,AR-B,-34.697472,-58.507263,10,481
Carrefour,Hipermercado Carrefour,AR-B,-34.696831,-58.535934,10,480
Carrefour,Hipermercado Carrefour,AR-B,-34.691936,-58.482498,10,476
Carrefour,Hipermercado Carrefour,AR-B,-34.690746,-58.408459,10,447
Carrefour,Hipermercado Carrefour,AR-B,-34.690048,-58.689140,10,479
Carrefour,Hipermercado Carrefour,AR-B,-34.684696,-58.386612,10,455
Carrefour,Hipermercado Carrefour,AR-B,-34.679310,-58.727993,10,42
Carrefour,Hipermercado Carrefour,AR-B,-34.676216,-58.563545,10,522
Carrefour,Hipermercado Carrefour,AR-B,-34.673515,-58.406288,10,463
Carrefour,Hipermercado Carrefour,AR-B,-34.665985,-58.699257,10,485
Carrefour,Hipermercado Carrefour,AR-B,-34.665318,-58.662586,10,294
Carrefour,Hipermercado Carrefour,AR-B,-34.665272,-58.728111,10,497
Carrefour,Hipermercado Carrefour,AR-B,-34.664627,-58.597355,10,12
Carrefour,Hipermercado Carrefour,AR-B,-34.661465,-58.368214,10,101
Carrefour,Hipermercado Carrefour,AR-B,-34.659389,-58.562080,10,475
Carrefour,Hipermercado Carrefour,AR-B,-34.657318,-58.762947,10,484
Carrefour,Hipermercado Carrefour,AR-B,-34.657249,-58.710552,10,482
Carrefour,Hipermercado Carrefour,AR-B,-34.651085,-58.642883,10,439
Carrefour,Hipermercado Carrefour,AR-B,-34.648762,-58.618427,10,473
Carrefour,Hipermercado Carrefour,AR-B,-34.648018,-58.620216,10,442
Carrefour,Hipermercado Carrefour,AR-B,-34.647755,-58.688217,10,36
Carrefour,Hipermercado Carrefour,AR-B,-34.647419,-58.794224,10,854
Carrefour,Hipermercado Carrefour,AR-B,-34.645016,-58.590603,10,427
Carrefour,Hipermercado Carrefour,AR-B,-34.633335,-58.764282,10,21
Carrefour,Hipermercado Carrefour,AR-B,-34.620609,-58.633770,10,10
Carrefour,Hipermercado Carrefour,AR-B,-34.611076,-58.941292,10,297
Carrefour,Hipermercado Carrefour,AR-B,-34.608189,-58.953571,10,524
Carrefour,Hipermercado Carrefour,AR-B,-34.605633,-58.564880,10,521
Carrefour,Hipermercado Carrefour,AR-B,-34.605396,-58.595001,10,478
Carrefour,Hipermercado Carrefour,AR-B,-34.603432,-58.592464,10,205
Carrefour,Hipermercado Carrefour,AR-B,-34.602303,-58.561932,10,637
Carrefour,Hipermercado Carrefour,AR-B,-34.591972,-58.636448,10,218
Carrefour,Hipermercado Carrefour,AR-B,-34.589828,-58.751511,10,703
Carrefour,Hipermercado Carrefour,AR-B,-34.589619,-58.632801,10,472
Carrefour,Hipermercado Carrefour,AR-B,-34.588562,-58.573822,10,470
Carrefour,Hipermercado Carrefour,AR-B,-34.587242,-58.593697,10,47
Carrefour,Hipermercado Carrefour,AR-B,-34.586323,-58.519447,10,15
Carrefour,Hipermercado Carrefour,AR-B,-34.575874,-58.538738,10,430
Carrefour,Hipermercado Carrefour,AR-B,-34.575504,-58.535854,10,669
Carrefour,Hipermercado Carrefour,AR-B,-34.565685,-59.119411,10,424
Carrefour,Hipermercado Carrefour,AR-B,-34.564342,-58.658085,10,508
Carrefour,Hipermercado Carrefour,AR-B,-34.562260,-58.600613,10,709
Carrefour,Hipermercado Carrefour,AR-B,-34.561649,-59.103745,10,241
Carrefour,Hipermercado Carrefour,AR-B,-34.557289,-58.550438,10,212
Carrefour,Hipermercado Carrefour,AR-B,-34.553104,-58.698257,10,217
Carrefour,Hipermercado Carrefour,AR-B,-34.552189,-58.558483,10,802
Carrefour,Hipermercado Carrefour,AR-B,-34.550587,-58.554485,10,429
Carrefour,Hipermercado Carrefour,AR-B,-34.547489,-58.551392,10,787
Carrefour,Hipermercado Carrefour,AR-B,-34.544189,-58.714901,10,469
Carrefour,Hipermercado Carrefour,AR-B,-34.541508,-58.713799,10,755
Carrefour,Hipermercado Carrefour,AR-B,-34.541199,-58.563095,10,203
Carrefour,Hipermercado Carrefour,AR-B,-34.533348,-58.478954,10,831
Carrefour,Hipermercado Carrefour,AR-B,-34.532303,-58.468178,10,2
Carrefour,Hipermercado Carrefour,AR-B,-34.531044,-58.575409,10,425
Carrefour,Hipermercado Carrefour,AR-B,-34.530697,-58.524437,10,441
Carrefour,Hipermercado Carrefour,AR-B,-34.530212,-58.497295,10,830
Carrefour,Hipermercado Carrefour,AR-B,-34.529453,-58.480778,10,216
Carrefour,Hipermercado Carrefour,AR-B,-34.529037,-58.773514,10,705
Carrefour,Hipermercado Carrefour,AR-B,-34.528885,-58.701630,10,11
Carrefour,Hipermercado Carrefour,AR-B,-34.527630,-58.535824,10,201
Carrefour,Hipermercado Carrefour,AR-B,-34.525715,-58.548664,10,436
Carrefour,Hipermercado Carrefour,AR-B,-34.517372,-58.569580,10,278
Carrefour,Hipermercado Carrefour,AR-B,-34.516304,-58.494553,10,204
Carrefour,Hipermercado Carrefour,AR-B,-34.504536,-58.493843,10,253
Carrefour,Hipermercado Carrefour,AR-B,-34.502411,-58.668449,10,428
Carrefour,Hipermercado Carrefour,AR-B,-34.500301,-58.694885,10,438
Carrefour,Hipermercado Carrefour,AR-B,-34.495403,-58.545723,10,254
Carrefour,Hipermercado Carrefour,AR-B,-34.492687,-58.499191,10,226
Carrefour,Hipermercado Carrefour,AR-B,-34.491604,-58.627670,10,234
Carrefour,Hipermercado Carrefour,AR-B,-34.491344,-58.589024,10,1
Carrefour,Hipermercado Carrefour,AR-B,-34.490707,-58.843136,10,638
Carrefour,Hipermercado Carrefour,AR-B,-34.490269,-58.484962,10,209
Carrefour,Hipermercado Carrefour,AR-B,-34.487198,-58.505871,10,211
Carrefour,Hipermercado Carrefour,AR-B,-34.485222,-58.726521,10,494
Carrefour,Hipermercado Carrefour,AR-B,-34.480984,-58.553074,10,202
Carrefour,Hipermercado Carrefour,AR-B,-34.476585,-58.497757,10,252
Carrefour,Hipermercado Carrefour,AR-B,-34.470352,-58.514687,10,516
Carrefour,Hipermercado Carrefour,AR-B,-34.461342,-58.629234,10,239
Carrefour,Hipermercado Carrefour,AR-B,-34.461334,-58.527172,10,437
Carrefour,Hipermercado Carrefour,AR-B,-34.456692,-58.725334,10,708
Carrefour,Hipermercado Carrefour,AR-B,-34.454933,-58.894409,10,28
Carrefour,Hipermercado Carrefour,AR-B,-34.454773,-58.910152,10,512
Carrefour,Hipermercado Carrefour,AR-B,-34.453587,-58.575527,10,25
Carrefour,Hipermercado Carrefour,AR-B,-34.453472,-58.538349,10,431
Carrefour,Hipermercado Carrefour,AR-B,-34.449814,-58.916321,10,62
Carrefour,Hipermercado Carrefour,AR-B,-34.449448,-58.797047,10,433
Carrefour,Hipermercado Carrefour,AR-B,-34.441795,-58.553738,10,272
Carrefour,Hipermercado Carrefour,AR-B,-34.432953,-58.565605,10,221
Carrefour,Hipermercado Carrefour,AR-B,-34.424942,-58.577980,10,440
Carrefour,Hipermercado Carrefour,AR-B,-34.408966,-58.771633,10,435
Carrefour,Hipermercado Carrefour,AR-B,-34.406162,-58.619972,10,51
Carrefour,Hipermercado Carrefour,AR-B,-34.395832,-58.844734,10,505
Carrefour,Hipermercado Carrefour,AR-B,-34.395348,-58.738834,10,183
Carrefour,Hipermercado Carrefour,AR-B,-34.186539,-58.945419,10,232
Carrefour,Hipermercado Carrefour,AR-B,-34.162739,-58.965511,10,208
Carrefour,Hipermercado Carrefour,AR-B,-34.113274,-59.020313,10,210
Carrefour,Hipermercado Carrefour,AR-B,-33.902824,-60.569218,10,255
Carrefour,Hipermercado Carrefour,AR-B,-33.900993,-60.551754,10,229
Carrefour,Hipermercado Carrefour,AR-B,-33.335960,-60.222473,10,256
Carrefour,Hipermercado Carrefour,AR-B,-33.331818,-60.220188,10,156
Carrefour,Hipermercado Carrefour,AR-C,-43.258514,-65.329193,10,45
Carrefour,Hipermercado Carrefour,AR-C,-35.037369,-58.758240,10,71
Carrefour,Hipermercado Carrefour,AR-C,-34.999977,-58.397285,10,503
Carrefour,Hipermercado Carrefour,AR-C,-34.919834,-59.988270,10,72
Carrefour,Hipermercado Carrefour,AR-C,-34.822170,-58.366917,10,702
Carrefour,Hipermercado Carrefour,AR-C,-34.763279,-58.364639,10,40
Carrefour,Hipermercado Carrefour,AR-C,-34.754616,-58.612942,10,701
Carrefour,Hipermercado Carrefour,AR-C,-34.689442,-58.479591,10,672
Carrefour,Hipermercado Carrefour,AR-C,-34.685120,-58.474575,10,554
Carrefour,Hipermercado Carrefour,AR-C,-34.677982,-58.474262,10,535
Carrefour,Hipermercado Carrefour,AR-C,-34.675976,-58.477051,10,614
Carrefour,Hipermercado Carrefour,AR-C,-34.667068,-58.472973,10,423
Carrefour,Hipermercado Carrefour,AR-C,-34.663864,-58.514126,10,30
Carrefour,Hipermercado Carrefour,AR-C,-34.659229,-58.512962,10,605
Carrefour,Hipermercado Carrefour,AR-C,-34.657112,-58.518181,10,657
Carrefour,Hipermercado Carrefour,AR-C,-34.653950,-58.518970,10,680
Carrefour,Hipermercado Carrefour,AR-C,-34.653233,-58.507256,10,534
Carrefour,Hipermercado Carrefour,AR-C,-34.652802,-58.416088,10,774
Carrefour,Hipermercado Carrefour,AR-C,-34.651978,-58.515854,10,649
Carrefour,Hipermercado Carrefour,AR-C,-34.650917,-58.525742,10,625
Carrefour,Hipermercado Carrefour,AR-C,-34.650719,-58.490753,10,667
Carrefour,Hipermercado Carrefour,AR-C,-34.649025,-58.499531,10,742
Carrefour,Hipermercado Carrefour,AR-C,-34.648144,-58.415871,10,416
Carrefour,Hipermercado Carrefour,AR-C,-34.647472,-58.519848,10,733
Carrefour,Hipermercado Carrefour,AR-C,-34.646530,-58.372726,10,866
Carrefour,Hipermercado Carrefour,AR-C,-34.644703,-58.464687,10,411
Carrefour,Hipermercado Carrefour,AR-C,-34.643055,-58.454334,10,815
Carrefour,Hipermercado Carrefour,AR-C,-34.643005,-58.439194,10,812
Carrefour,Hipermercado Carrefour,AR-C,-34.641983,-58.514267,10,658
Carrefour,Hipermercado Carrefour,AR-C,-34.641224,-58.521053,10,726
Carrefour,Hipermercado Carrefour,AR-C,-34.641071,-58.526237,10,727
Carrefour,Hipermercado Carrefour,AR-C,-34.640942,-58.479164,10,600
Carrefour,Hipermercado Carrefour,AR-C,-34.639900,-58.523586,10,595
Carrefour,Hipermercado Carrefour,AR-C,-34.639450,-58.458542,10,740
Carrefour,Hipermercado Carrefour,AR-C,-34.639339,-58.374390,10,491
Carrefour,Hipermercado Carrefour,AR-C,-34.639023,-58.504955,10,626
Carrefour,Hipermercado Carrefour,AR-C,-34.638634,-58.415077,10,412
Carrefour,Hipermercado Carrefour,AR-C,-34.638409,-58.373367,10,346
Carrefour,Hipermercado Carrefour,AR-C,-34.638023,-58.527607,10,553
Carrefour,Hipermercado Carrefour,AR-C,-34.637115,-58.496796,10,398
Carrefour,Hipermercado Carrefour,AR-C,-34.636909,-58.499466,10,688
Carrefour,Hipermercado Carrefour,AR-C,-34.636787,-58.403168,10,369
Carrefour,Hipermercado Carrefour,AR-C,-34.636459,-58.359428,10,419
Carrefour,Hipermercado Carrefour,AR-C,-34.635326,-58.396301,10,489
Carrefour,Hipermercado Carrefour,AR-C,-34.635113,-58.405781,10,487
Carrefour,Hipermercado Carrefour,AR-C,-34.634335,-58.435799,10,572
Carrefour,Hipermercado Carrefour,AR-C,-34.633705,-58.482029,10,200
Carrefour,Hipermercado Carrefour,AR-C,-34.633499,-58.370106,10,557
Carrefour,Hipermercado Carrefour,AR-C,-34.633236,-58.521965,10,5
Carrefour,Hipermercado Carrefour,AR-C,-34.633156,-58.459408,10,725
Carrefour,Hipermercado Carrefour,AR-C,-34.632221,-58.375999,10,323
Carrefour,Hipermercado Carrefour,AR-C,-34.632214,-58.491184,10,673
Carrefour,Hipermercado Carrefour,AR-C,-34.631996,-58.361301,10,579
Carrefour,Hipermercado Carrefour,AR-C,-34.631451,-58.485336,10,542
Carrefour,Hipermercado Carrefour,AR-C,-34.631046,-58.452606,10,324
Carrefour,Hipermercado Carrefour,AR-C,-34.630650,-58.406590,10,796
Carrefour,Hipermercado Carrefour,AR-C,-34.630138,-58.462242,10,316
Carrefour,Hipermercado Carrefour,AR-C,-34.630074,-58.455540,10,779
Carrefour,Hipermercado Carrefour,AR-C,-34.629845,-58.399654,10,594
Carrefour,Hipermercado Carrefour,AR-C,-34.629513,-58.465073,10,236
Carrefour,Hipermercado Carrefour,AR-C,-34.629169,-58.442436,10,362
Carrefour,Hipermercado Carrefour,AR-C,-34.628754,-58.461082,10,6002
Carrefour,Hipermercado Carrefour,AR-C,-34.628635,-58.366310,10,695
Carrefour,Hipermercado Carrefour,AR-C,-34.628548,-58.466675,10,719
Carrefour,Hipermercado Carrefour,AR-C,-34.628517,-58.452099,10,693
Carrefour,Hipermercado Carrefour,AR-C,-34.628319,-58.524048,10,678
Carrefour,Hipermercado Carrefour,AR-C,-34.627914,-58.433365,10,575
Carrefour,Hipermercado Carrefour,AR-C,-34.627789,-58.360294,10,697
Carrefour,Hipermercado Carrefour,AR-C,-34.627422,-58.458172,10,115
Carrefour,Hipermercado Carrefour,AR-C,-34.627247,-58.382999,10,406
Carrefour,Hipermercado Carrefour,AR-C,-34.626759,-58.426136,10,415
Carrefour,Hipermercado Carrefour,AR-C,-34.625469,-58.429932,10,639
Carrefour,Hipermercado Carrefour,AR-C,-34.624943,-58.412617,10,509
Carrefour,Hipermercado Carrefour,AR-C,-34.624687,-58.451248,10,530
Carrefour,Hipermercado Carrefour,AR-C,-34.624493,-58.464622,10,417
Carrefour,Hipermercado Carrefour,AR-C,-34.624100,-58.371155,10,570
Carrefour,Hipermercado Carrefour,AR-C,-34.623821,-58.427299,10,691
Carrefour,Hipermercado Carrefour,AR-C,-34.623596,-58.449249,10,390
Carrefour,Hipermercado Carrefour,AR-C,-34.623512,-58.455101,10,840
Carrefour,Hipermercado Carrefour,AR-C,-34.622738,-58.433151,10,370
Carrefour,Hipermercado Carrefour,AR-C,-34.622723,-58.496399,10,643
Carrefour,Hipermercado Carrefour,AR-C,-34.622700,-58.409199,10,734
Carrefour,Hipermercado Carrefour,AR-C,-34.622604,-58.391342,10,593
Carrefour,Hipermercado Carrefour,AR-C,-34.622540,-58.465382,10,864
Carrefour,Hipermercado Carrefour,AR-C,-34.622467,-58.385616,10,486
Carrefour,Hipermercado Carrefour,AR-C,-34.621922,-58.373711,10,207
Carrefour,Hipermercado Carrefour,AR-C,-34.621666,-58.441093,10,400
Carrefour,Hipermercado Carrefour,AR-C,-34.621349,-58.418892,10,792
Carrefour,Hipermercado Carrefour,AR-C,-34.621334,-58.368477,10,627
Carrefour,Hipermercado Carrefour,AR-C,-34.621315,-58.436260,10,298
Carrefour,Hipermercado Carrefour,AR-C,-34.620880,-58.475216,10,409
Carrefour,Hipermercado Carrefour,AR-C,-34.620293,-58.392204,10,418
Carrefour,Hipermercado Carrefour,AR-C,-34.620277,-58.506577,10,326
Carrefour,Hipermercado Carrefour,AR-C,-34.620216,-58.441631,10,587
Carrefour,Hipermercado Carrefour,AR-C,-34.619774,-58.428123,10,247
Carrefour,Hipermercado Carrefour,AR-C,-34.619057,-58.381496,10,585
Carrefour,Hipermercado Carrefour,AR-C,-34.619003,-58.403896,10,689
Carrefour,Hipermercado Carrefour,AR-C,-34.618744,-58.374321,10,408
Carrefour,Hipermercado Carrefour,AR-C,-34.618328,-58.429695,10,533
Carrefour,Hipermercado Carrefour,AR-C,-34.618282,-58.395237,10,174
Carrefour,Hipermercado Carrefour,AR-C,-34.618095,-58.392208,10,363
Carrefour,Hipermercado Carrefour,AR-C,-34.617882,-58.387829,10,257
Carrefour,Hipermercado Carrefour,AR-C,-34.617798,-58.422218,10,413
Carrefour,Hipermercado Carrefour,AR-C,-34.617775,-58.438366,10,670
Carrefour,Hipermercado Carrefour,AR-C,-34.617397,-58.378826,10,744
Carrefour,Hipermercado Carrefour,AR-C,-34.617214,-58.445240,10,621
Carrefour,Hipermercado Carrefour,AR-C,-34.616322,-58.458183,10,539
Carrefour,Hipermercado Carrefour,AR-C,-34.616268,-58.431839,10,615
Carrefour,Hipermercado Carrefour,AR-C,-34.616165,-58.376095,10,676
Carrefour,Hipermercado Carrefour,AR-C,-34.616074,-58.464287,10,622
Carrefour,Hipermercado Carrefour,AR-C,-34.615700,-58.438274,10,692
Carrefour,Hipermercado Carrefour,AR-C,-34.615547,-58.387978,10,684
Carrefour,Hipermercado Carrefour,AR-C,-34.615543,-58.415062,10,421
Carrefour,Hipermercado Carrefour,AR-C,-34.615452,-58.475327,10,698
Carrefour,Hipermercado Carrefour,AR-C,-34.615032,-58.409058,10,662
Carrefour,Hipermercado Carrefour,AR-C,-34.615013,-58.526424,10,826
Carrefour,Hipermercado Carrefour,AR-C,-34.614788,-58.505672,10,314
Carrefour,Hipermercado Carrefour,AR-C,-34.614357,-58.429970,10,616
Carrefour,Hipermercado Carrefour,AR-C,-34.614162,-58.396893,10,729
Carrefour,Hipermercado Carrefour,AR-C,-34.613682,-58.388252,10,488
Carrefour,Hipermercado Carrefour,AR-C,-34.613625,-58.374702,10,589
Carrefour,Hipermercado Carrefour,AR-C,-34.613365,-58.493679,10,376
Carrefour,Hipermercado Carrefour,AR-C,-34.613220,-58.382774,10,386
Carrefour,Hipermercado Carrefour,AR-C,-34.613201,-58.523415,10,515
Carrefour,Hipermercado Carrefour,AR-C,-34.612881,-58.393291,10,546
Carrefour,Hipermercado Carrefour,AR-C,-34.612644,-58.423958,10,628
Carrefour,Hipermercado Carrefour,AR-C,-34.612572,-58.377674,10,291
Carrefour,Hipermercado Carrefour,AR-C,-34.612572,-58.486073,10,686
Carrefour,Hipermercado Carrefour,AR-C,-34.612366,-58.412624,10,538
Carrefour,Hipermercado Carrefour,AR-C,-34.612328,-58.445072,10,164
Carrefour,Hipermercado Carrefour,AR-C,-34.612240,-58.386223,10,634
Carrefour,Hipermercado Carrefour,AR-C,-34.612144,-58.480995,10,365
Carrefour,Hipermercado Carrefour,AR-C,-34.611870,-58.370575,10,752
Carrefour,Hipermercado Carrefour,AR-C,-34.611217,-58.373341,10,633
Carrefour,Hipermercado Carrefour,AR-C,-34.611149,-58.433681,10,380
Carrefour,Hipermercado Carrefour,AR-C,-34.611088,-58.460583,10,219
Carrefour,Hipermercado Carrefour,AR-C,-34.611069,-58.506325,10,597
Carrefour,Hipermercado Carrefour,AR-C,-34.610954,-58.419102,10,552
Carrefour,Hipermercado Carrefour,AR-C,-34.610752,-58.414783,10,348
Carrefour,Hipermercado Carrefour,AR-C,-34.610493,-58.412304,10,511
Carrefour,Hipermercado Carrefour,AR-C,-34.610359,-58.516537,10,214
Carrefour,Hipermercado Carrefour,AR-C,-34.610359,-58.391533,10,654
Carrefour,Hipermercado Carrefour,AR-C,-34.610275,-58.426125,10,855
Carrefour,Hipermercado Carrefour,AR-C,-34.610020,-58.402454,10,623
Carrefour,Hipermercado Carrefour,AR-C,-34.609695,-58.438725,10,732
Carrefour,Hipermercado Carrefour,AR-C,-34.609566,-58.443745,10,526
Carrefour,Hipermercado Carrefour,AR-C,-34.609489,-58.398323,10,151
Carrefour,Hipermercado Carrefour,AR-C,-34.609409,-58.486038,10,677
Carrefour,Hipermercado Carrefour,AR-C,-34.609306,-58.379242,10,571
Carrefour,Hipermercado Carrefour,AR-C,-34.609241,-58.384045,10,583
Carrefour,Hipermercado Carrefour,AR-C,-34.608803,-58.448624,10,420
Carrefour,Hipermercado Carrefour,AR-C,-34.608490,-58.421616,10,510
Carrefour,Hipermercado Carrefour,AR-C,-34.608257,-58.380531,10,148
Carrefour,Hipermercado Carrefour,AR-C,-34.608200,-58.441521,10,563
Carrefour,Hipermercado Carrefour,AR-C,-34.607899,-58.418903,10,856
Carrefour,Hipermercado Carrefour,AR-C,-34.607887,-58.391361,10,560
Carrefour,Hipermercado Carrefour,AR-C,-34.606964,-58.443771,10,561
Carrefour,Hipermercado Carrefour,AR-C,-34.606445,-58.497734,10,664
Carrefour,Hipermercado Carrefour,AR-C,-34.606155,-58.376453,10,308
Carrefour,Hipermercado Carrefour,AR-C,-34.605877,-58.425652,10,591
Carrefour,Hipermercado Carrefour,AR-C,-34.605721,-58.392704,10,598
Carrefour,Hipermercado Carrefour,AR-C,-34.605595,-58.421551,10,805
Carrefour,Hipermercado Carrefour,AR-C,-34.605507,-58.389229,10,357
Carrefour,Hipermercado Carrefour,AR-C,-34.605457,-58.431183,10,858
Carrefour,Hipermercado Carrefour,AR-C,-34.605415,-58.523705,10,685
Carrefour,Hipermercado Carrefour,AR-C,-34.605370,-58.370312,10,723
Carrefour,Hipermercado Carrefour,AR-C,-34.605068,-58.419243,10,550
Carrefour,Hipermercado Carrefour,AR-C,-34.604980,-58.406742,10,640
Carrefour,Hipermercado Carrefour,AR-C,-34.604698,-58.437855,10,775
Carrefour,Hipermercado Carrefour,AR-C,-34.604527,-58.394642,10,402
Carrefour,Hipermercado Carrefour,AR-C,-34.604168,-58.371479,10,558
Carrefour,Hipermercado Carrefour,AR-C,-34.604107,-58.459866,10,396
Carrefour,Hipermercado Carrefour,AR-C,-34.604004,-58.429634,10,731
Carrefour,Hipermercado Carrefour,AR-C,-34.603901,-58.383076,10,189
Carrefour,Hipermercado Carrefour,AR-C,-34.603848,-58.433411,10,619
Carrefour,Hipermercado Carrefour,AR-C,-34.603790,-58.413315,10,758
Carrefour,Hipermercado Carrefour,AR-C,-34.603638,-58.379642,10,761
Carrefour,Hipermercado Carrefour,AR-C,-34.603523,-58.471443,10,687
Carrefour,Hipermercado Carrefour,AR-C,-34.603474,-58.389450,10,839
Carrefour,Hipermercado Carrefour,AR-C,-34.603218,-58.378117,10,375
Carrefour,Hipermercado Carrefour,AR-C,-34.603043,-58.391769,10,329
Carrefour,Hipermercado Carrefour,AR-C,-34.602928,-58.423042,10,580
Carrefour,Hipermercado Carrefour,AR-C,-34.602749,-58.395363,10,724
Carrefour,Hipermercado Carrefour,AR-C,-34.602749,-58.417969,10,778
Carrefour,Hipermercado Carrefour,AR-C,-34.602612,-58.496460,10,309
Carrefour,Hipermercado Carrefour,AR-C,-34.602406,-58.432602,10,265
Carrefour,Hipermercado Carrefour,AR-C,-34.602364,-58.456078,10,827
Carrefour,Hipermercado Carrefour,AR-C,-34.602154,-58.420864,10,404
Carrefour,Hipermercado Carrefour,AR-C,-34.602116,-58.398071,10,410
Carrefour,Hipermercado Carrefour,AR-C,-34.602093,-58.489300,10,237
Carrefour,Hipermercado Carrefour,AR-C,-34.601986,-58.371948,10,631
Carrefour,Hipermercado Carrefour,AR-C,-34.601955,-58.467060,10,245
Carrefour,Hipermercado Carrefour,AR-C,-34.601673,-58.388729,10,694
Carrefour,Hipermercado Carrefour,AR-C,-34.601509,-58.437084,10,645
Carrefour,Hipermercado Carrefour,AR-C,-34.601177,-58.378613,10,338
Carrefour,Hipermercado Carrefour,AR-C,-34.601173,-58.399769,10,529
Carrefour,Hipermercado Carrefour,AR-C,-34.601074,-58.494610,10,492
Carrefour,Hipermercado Carrefour,AR-C,-34.600815,-58.374107,10,562
Carrefour,Hipermercado Carrefour,AR-C,-34.600655,-58.488136,10,797
Carrefour,Hipermercado Carrefour,AR-C,-34.600613,-58.430801,10,604
Carrefour,Hipermercado Carrefour,AR-C,-34.600567,-58.511326,10,310
Carrefour,Hipermercado Carrefour,AR-C,-34.599934,-58.376923,10,682
Carrefour,Hipermercado Carrefour,AR-C,-34.599869,-58.396275,10,577
Carrefour,Hipermercado Carrefour,AR-C,-34.599812,-58.433800,10,528
Carrefour,Hipermercado Carrefour,AR-C,-34.599670,-58.372051,10,341
Carrefour,Hipermercado Carrefour,AR-C,-34.599510,-58.369907,10,656
Carrefour,Hipermercado Carrefour,AR-C,-34.599281,-58.406197,10,565
Carrefour,Hipermercado Carrefour,AR-C,-34.599262,-58.387550,10,199
Carrefour,Hipermercado Carrefour,AR-C,-34.599232,-58.390541,10,490
Carrefour,Hipermercado Carrefour,AR-C,-34.598927,-58.491825,10,624
Carrefour,Hipermercado Carrefour,AR-C,-34.598827,-58.412056,10,868
Carrefour,Hipermercado Carrefour,AR-C,-34.598782,-58.385460,10,303
Carrefour,Hipermercado Carrefour,AR-C,-34.598763,-58.403084,10,381
Carrefour,Hipermercado Carrefour,AR-C,-34.598621,-58.378292,10,302
Carrefour,Hipermercado Carrefour,AR-C,-34.598396,-58.497334,10,315
Carrefour,Hipermercado Carrefour,AR-C,-34.598186,-58.444984,10,608
Carrefour,Hipermercado Carrefour,AR-C,-34.598160,-58.438435,10,748
Carrefour,Hipermercado Carrefour,AR-C,-34.598083,-58.500118,10,791
Carrefour,Hipermercado Carrefour,AR-C,-34.597881,-58.403782,10,355
Carrefour,Hipermercado Carrefour,AR-C,-34.597862,-58.426804,10,367
Carrefour,Hipermercado Carrefour,AR-C,-34.597675,-58.380135,10,213
Carrefour,Hipermercado Carrefour,AR-C,-34.597580,-58.419235,10,573
Carrefour,Hipermercado Carrefour,AR-C,-34.597496,-58.484573,10,588
Carrefour,Hipermercado Carrefour,AR-C,-34.597351,-58.374516,10,334
Carrefour,Hipermercado Carrefour,AR-C,-34.597279,-58.376976,10,541
Carrefour,Hipermercado Carrefour,AR-C,-34.596863,-58.399570,10,344
Carrefour,Hipermercado Carrefour,AR-C,-34.596710,-58.412792,10,809
Carrefour,Hipermercado Carrefour,AR-C,-34.596672,-58.442253,10,780
Carrefour,Hipermercado Carrefour,AR-C,-34.596321,-58.388332,10,354
Carrefour,Hipermercado Carrefour,AR-C,-34.596287,-58.384178,10,545
Carrefour,Hipermercado Carrefour,AR-C,-34.596001,-58.424252,10,747
Carrefour,Hipermercado Carrefour,AR-C,-34.595928,-58.378525,10,751
Carrefour,Hipermercado Carrefour,AR-C,-34.595879,-58.438599,10,759
Carrefour,Hipermercado Carrefour,AR-C,-34.595837,-58.473942,10,26
Carrefour,Hipermercado Carrefour,AR-C,-34.595814,-58.395424,10,116
Carrefour,Hipermercado Carrefour,AR-C,-34.595791,-58.500057,10,586
Carrefour,Hipermercado Carrefour,AR-C,-34.595055,-58.391998,10,352
Carrefour,Hipermercado Carrefour,AR-C,-34.594898,-58.410419,10,756
Carrefour,Hipermercado Carrefour,AR-C,-34.594765,-58.406364,10,317
Carrefour,Hipermercado Carrefour,AR-C,-34.594559,-58.401672,10,757
Carrefour,Hipermercado Carrefour,AR-C,-34.594505,-58.428738,10,661
Carrefour,Hipermercado Carrefour,AR-C,-34.594276,-58.441357,10,859
Carrefour,Hipermercado Carrefour,AR-C,-34.594170,-58.374180,10,823
Carrefour,Hipermercado Carrefour,AR-C,-34.594017,-58.381012,10,299
Carrefour,Hipermercado Carrefour,AR-C,-34.593956,-58.412910,10,332
Carrefour,Hipermercado Carrefour,AR-C,-34.593559,-58.445667,10,397
Carrefour,Hipermercado Carrefour,AR-C,-34.593273,-58.502323,10,322
Carrefour,Hipermercado Carrefour,AR-C,-34.592701,-58.394833,10,636
Carrefour,Hipermercado Carrefour,AR-C,-34.592438,-58.410870,10,331
Carrefour,Hipermercado Carrefour,AR-C,-34.592171,-58.427223,10,679
Carrefour,Hipermercado Carrefour,AR-C,-34.592113,-58.392509,10,192
Carrefour,Hipermercado Carrefour,AR-C,-34.591949,-58.389725,10,118
Carrefour,Hipermercado Carrefour,AR-C,-34.591614,-58.433899,10,715
Carrefour,Hipermercado Carrefour,AR-C,-34.591564,-58.379253,10,318
Carrefour,Hipermercado Carrefour,AR-C,-34.591419,-58.446922,10,547
Carrefour,Hipermercado Carrefour,AR-C,-34.591312,-58.412544,10,336
Carrefour,Hipermercado Carrefour,AR-C,-34.591206,-58.414513,10,788
Carrefour,Hipermercado Carrefour,AR-C,-34.591206,-58.395573,10,717
Carrefour,Hipermercado Carrefour,AR-C,-34.590923,-58.418686,10,838
Carrefour,Hipermercado Carrefour,AR-C,-34.590736,-58.393414,10,307
Carrefour,Hipermercado Carrefour,AR-C,-34.590141,-58.405533,10,206
Carrefour,Hipermercado Carrefour,AR-C,-34.589703,-58.431667,10,745
Carrefour,Hipermercado Carrefour,AR-C,-34.589508,-58.422997,10,277
Carrefour,Hipermercado Carrefour,AR-C,-34.589233,-58.504505,10,781
Carrefour,Hipermercado Carrefour,AR-C,-34.588997,-58.409050,10,378
Carrefour,Hipermercado Carrefour,AR-C,-34.588802,-58.400574,10,590
Carrefour,Hipermercado Carrefour,AR-C,-34.588207,-58.419052,10,630
Carrefour,Hipermercado Carrefour,AR-C,-34.587997,-58.390469,10,773
Carrefour,Hipermercado Carrefour,AR-C,-34.587784,-58.397900,10,735
Carrefour,Hipermercado Carrefour,AR-C,-34.587467,-58.412708,10,150
Carrefour,Hipermercado Carrefour,AR-C,-34.587265,-58.423107,10,795
Carrefour,Hipermercado Carrefour,AR-C,-34.586853,-58.401466,10,347
Carrefour,Hipermercado Carrefour,AR-C,-34.586704,-58.481354,10,360
Carrefour,Hipermercado Carrefour,AR-C,-34.586624,-58.419376,10,493
Carrefour,Hipermercado Carrefour,AR-C,-34.586510,-58.398129,10,260
Carrefour,Hipermercado Carrefour,AR-C,-34.585934,-58.501808,10,258
Carrefour,Hipermercado Carrefour,AR-C,-34.585915,-58.394398,10,301
Carrefour,Hipermercado Carrefour,AR-C,-34.585892,-58.454273,10,395
Carrefour,Hipermercado Carrefour,AR-C,-34.585728,-58.388054,10,569
Carrefour,Hipermercado Carrefour,AR-C,-34.584938,-58.488308,10,808
Carrefour,Hipermercado Carrefour,AR-C,-34.584824,-58.400040,10,327
Carrefour,Hipermercado Carrefour,AR-C,-34.584805,-58.419018,10,555
Carrefour,Hipermercado Carrefour,AR-C,-34.583542,-58.403812,10,652
Carrefour,Hipermercado Carrefour,AR-C,-34.583172,-58.427612,10,527
Carrefour,Hipermercado Carrefour,AR-C,-34.583111,-58.423668,10,537
Carrefour,Hipermercado Carrefour,AR-C,-34.582821,-58.407417,10,754
Carrefour,Hipermercado Carrefour,AR-C,-34.582298,-58.451839,10,596
Carrefour,Hipermercado Carrefour,AR-C,-34.582214,-58.421028,10,392
Carrefour,Hipermercado Carrefour,AR-C,-34.581280,-58.449051,10,711
Carrefour,Hipermercado Carrefour,AR-C,-34.581139,-58.473713,10,339
Carrefour,Hipermercado Carrefour,AR-C,-34.580624,-58.440151,10,531
Carrefour,Hipermercado Carrefour,AR-C,-34.580555,-58.460541,10,848
Carrefour,Hipermercado Carrefour,AR-C,-34.580524,-58.405895,10,618
Carrefour,Hipermercado Carrefour,AR-C,-34.580521,-58.410332,10,215
Carrefour,Hipermercado Carrefour,AR-C,-34.579708,-58.434124,10,799
Carrefour,Hipermercado Carrefour,AR-C,-34.579674,-58.484631,10,777
Carrefour,Hipermercado Carrefour,AR-C,-34.579304,-58.424095,10,394
Carrefour,Hipermercado Carrefour,AR-C,-34.579041,-58.456242,10,811
Carrefour,Hipermercado Carrefour,AR-C,-34.579006,-58.490395,10,371
Carrefour,Hipermercado Carrefour,AR-C,-34.578915,-58.425514,10,870
Carrefour,Hipermercado Carrefour,AR-C,-34.578743,-58.469273,10,566
Carrefour,Hipermercado Carrefour,AR-C,-34.578499,-58.494347,10,849
Carrefour,Hipermercado Carrefour,AR-C,-34.578121,-58.480705,10,741
Carrefour,Hipermercado Carrefour,AR-C,-34.578079,-58.439339,10,699
Carrefour,Hipermercado Carrefour,AR-C,-34.577797,-58.424332,10,328
Carrefour,Hipermercado Carrefour,AR-C,-34.577278,-58.449062,10,519
Carrefour,Hipermercado Carrefour,AR-C,-34.577206,-58.494766,10,220
Carrefour,Hipermercado Carrefour,AR-C,-34.577198,-58.422356,10,306
Carrefour,Hipermercado Carrefour,AR-C,-34.576801,-58.486599,10,543
Carrefour,Hipermercado Carrefour,AR-C,-34.576786,-58.430992,10,403
Carrefour,Hipermercado Carrefour,AR-C,-34.575947,-58.433487,10,389
Carrefour,Hipermercado Carrefour,AR-C,-34.575306,-58.422855,10,312
Carrefour,Hipermercado Carrefour,AR-C,-34.574829,-58.436127,10,349
Carrefour,Hipermercado Carrefour,AR-C,-34.574635,-58.403801,10,6
Carrefour,Hipermercado Carrefour,AR-C,-34.574478,-58.473045,10,714
Carrefour,Hipermercado Carrefour,AR-C,-34.574379,-58.482128,10,195
Carrefour,Hipermercado Carrefour,AR-C,-34.574055,-58.420475,10,660
Carrefour,Hipermercado Carrefour,AR-C,-34.573879,-58.442051,10,364
Carrefour,Hipermercado Carrefour,AR-C,-34.573101,-58.451283,10,659
Carrefour,Hipermercado Carrefour,AR-C,-34.572842,-58.489510,10,646
Carrefour,Hipermercado Carrefour,AR-C,-34.572189,-58.446056,10,337
Carrefour,Hipermercado Carrefour,AR-C,-34.571796,-58.479950,10,599
Carrefour,Hipermercado Carrefour,AR-C,-34.571129,-58.488380,10,710
Carrefour,Hipermercado Carrefour,AR-C,-34.570618,-58.491898,10,548
Carrefour,Hipermercado Carrefour,AR-C,-34.570335,-58.507790,10,816
Carrefour,Hipermercado Carrefour,AR-C,-34.569916,-58.450470,10,343
Carrefour,Hipermercado Carrefour,AR-C,-34.568676,-58.434872,10,251
Carrefour,Hipermercado Carrefour,AR-C,-34.568295,-58.444458,10,559
Carrefour,Hipermercado Carrefour,AR-C,-34.567928,-58.448669,10,783
Carrefour,Hipermercado Carrefour,AR-C,-34.567589,-58.486435,10,582
Carrefour,Hipermercado Carrefour,AR-C,-34.567329,-58.472778,10,374
Carrefour,Hipermercado Carrefour,AR-C,-34.567226,-58.456532,10,361
Carrefour,Hipermercado Carrefour,AR-C,-34.567074,-58.454063,10,674
Carrefour,Hipermercado Carrefour,AR-C,-34.567047,-58.490608,10,845
Carrefour,Hipermercado Carrefour,AR-C,-34.566540,-58.431946,10,609
Carrefour,Hipermercado Carrefour,AR-C,-34.565979,-58.458408,10,671
Carrefour,Hipermercado Carrefour,AR-C,-34.565102,-58.462055,10,182
Carrefour,Hipermercado Carrefour,AR-C,-34.565079,-58.470703,10,551
Carrefour,Hipermercado Carrefour,AR-C,-34.564602,-58.464260,10,782
Carrefour,Hipermercado Carrefour,AR-C,-34.564491,-58.455868,10,320
Carrefour,Hipermercado Carrefour,AR-C,-34.563763,-58.439289,10,828
Carrefour,Hipermercado Carrefour,AR-C,-34.562325,-58.466949,10,617
Carrefour,Hipermercado Carrefour,AR-C,-34.561752,-58.462284,10,325
Carrefour,Hipermercado Carrefour,AR-C,-34.561264,-58.464249,10,683
Carrefour,Hipermercado Carrefour,AR-C,-34.560974,-58.452618,10,351
Carrefour,Hipermercado Carrefour,AR-C,-34.560829,-58.466183,10,739
Carrefour,Hipermercado Carrefour,AR-C,-34.560169,-58.463181,10,311
Carrefour,Hipermercado Carrefour,AR-C,-34.558823,-58.459351,10,120
Carrefour,Hipermercado Carrefour,AR-C,-34.557915,-58.463203,10,632
Carrefour,Hipermercado Carrefour,AR-C,-34.557693,-58.448566,10,426
Carrefour,Hipermercado Carrefour,AR-C,-34.557442,-58.453503,10,568
Carrefour,Hipermercado Carrefour,AR-C,-34.557293,-58.465851,10,613
Carrefour,Hipermercado Carrefour,AR-C,-34.557056,-58.445843,10,592
Carrefour,Hipermercado Carrefour,AR-C,-34.556942,-58.479744,10,837
Carrefour,Hipermercado Carrefour,AR-C,-34.556576,-58.459213,10,798
Carrefour,Hipermercado Carrefour,AR-C,-34.555965,-58.450047,10,313
Carrefour,Hipermercado Carrefour,AR-C,-34.555786,-58.462147,10,391
Carrefour,Hipermercado Carrefour,AR-C,-34.555470,-58.479996,10,525
Carrefour,Hipermercado Carrefour,AR-C,-34.554653,-58.460289,10,335
Carrefour,Hipermercado Carrefour,AR-C,-34.553982,-58.452839,10,271
Carrefour,Hipermercado Carrefour,AR-C,-34.553982,-58.436642,10,716
Carrefour,Hipermercado Carrefour,AR-C,-34.553375,-58.462109,10,368
Carrefour,Hipermercado Carrefour,AR-C,-34.553169,-58.465771,10,198
Carrefour,Hipermercado Carrefour,AR-C,-34.550987,-58.456097,10,829
Carrefour,Hipermercado Carrefour,AR-C,-34.550186,-58.476601,10,574
Carrefour,Hipermercado Carrefour,AR-C,-34.548679,-58.468609,10,273
Carrefour,Hipermercado Carrefour,AR-C,-34.546871,-58.469494,10,819
Carrefour,Hipermercado Carrefour,AR-C,-34.546307,-58.463161,10,556
Carrefour,Hipermercado Carrefour,AR-C,-34.545639,-58.459568,10,576
Carrefour,Hipermercado Carrefour,AR-C,-34.544640,-58.471794,10,877
Carrefour,Hipermercado Carrefour,AR-C,-34.543232,-58.463146,10,373
Carrefour,Hipermercado Carrefour,AR-C,-34.542271,-58.477905,10,850
Carrefour,Hipermercado Carrefour,AR-C,-34.540539,-58.472054,10,300
Carrefour,Hipermercado Carrefour,AR-C,-33.319164,-66.326927,10,70
Carrefour,Hipermercado Carrefour,AR-C,-32.890285,-68.837128,10,172
Carrefour,Hipermercado Carrefour,AR-C,-31.657557,-64.432327,10,869
Carrefour,Hipermercado Carrefour,AR-C,-31.656729,-64.428596,10,861
Carrefour,Hipermercado Carrefour,AR-C,-31.460585,-64.215363,10,504
Carrefour,Hipermercado Carrefour,AR-C,-31.431692,-64.191582,10,224
Carrefour,Hipermercado Carrefour,AR-C,-31.426418,-64.215645,10,876
Carrefour,Hipermercado Carrefour,AR-C,-31.425365,-64.187645,10,873
Carrefour,Hipermercado Carrefour,AR-C,-31.423395,-64.179535,10,222
Carrefour,Hipermercado Carrefour,AR-C,-31.422512,-64.496979,10,270
Carrefour,Hipermercado Carrefour,AR-C,-31.418749,-64.178711,10,163
Carrefour,Hipermercado Carrefour,AR-C,-31.417324,-64.188484,10,173
Carrefour,Hipermercado Carrefour,AR-C,-31.406960,-64.224274,10,6001
Carrefour,Hipermercado Carrefour,AR-C,-31.389307,-64.134308,10,194
Carrefour,Hipermercado Carrefour,AR-C,-31.389248,-64.215561,10,223
Carrefour,Hipermercado Carrefour,AR-C,-31.387152,-64.215149,10,874
Carrefour,Hipermercado Carrefour,AR-C,-31.386372,-64.227570,10,281
Carrefour,Hipermercado Carrefour,AR-C,-31.380100,-64.245392,10,225
Carrefour,Hipermercado Carrefour,AR-C,-31.377588,-64.277557,10,280
Carrefour,Hipermercado Carrefour,AR-C,-31.367973,-64.177620,10,707
Carrefour,Hipermercado Carrefour,AR-C,-31.239050,-64.464622,10,865
Carrefour,Hipermercado Carrefour,AR-C,-31.167561,-64.319450,10,872
Carrefour,Hipermercado Carrefour,AR-C,-31.090725,-64.485313,10,867
Carrefour,Hipermercado Carrefour,AR-C,-30.982035,-64.491898,10,860
Carrefour,Hipermercado Carrefour,AR-C,-30.980625,-64.098343,10,871
Carrefour,Hipermercado Carrefour,AR-D,-33.675930,-65.469223,10,235
Carrefour,Hipermercado Carrefour,AR-D,-33.302750,-66.336845,10,137
Carrefour,Hipermercado Carrefour,AR-E,-32.991737,-58.521854,10,240
Carrefour,Hipermercado Carrefour,AR-E,-31.754009,-60.511242,10,263
Carrefour,Hipermercado Carrefour,AR-E,-31.748447,-60.524944,10,249
Carrefour,Hipermercado Carrefour,AR-E,-31.741747,-60.541260,10,262
Carrefour,Hipermercado Carrefour,AR-E,-31.737677,-60.524754,10,244
Carrefour,Hipermercado Carrefour,AR-E,-31.733841,-60.507687,10,266
Carrefour,Hipermercado Carrefour,AR-E,-31.730408,-60.528648,10,125
Carrefour,Hipermercado Carrefour,AR-E,-31.726740,-60.524158,10,243
Carrefour,Hipermercado Carrefour,AR-E,-31.725618,-60.533680,10,264
Carrefour,Hipermercado Carrefour,AR-E,-31.722868,-60.529163,10,181
Carrefour,Hipermercado Carrefour,AR-E,-31.396866,-58.018604,10,138
Carrefour,Hipermercado Carrefour,AR-E,-31.368881,-58.011375,10,233
Carrefour,Hipermercado Carrefour,AR-F,-29.411482,-66.856758,10,135
Carrefour,Hipermercado Carrefour,AR-H,-27.438801,-58.987385,10,44
Carrefour,Hipermercado Carrefour,AR-H,-27.437515,-59.014847,10,506
Carrefour,Hipermercado Carrefour,AR-J,-31.534016,-68.524742,10,123
Carrefour,Hipermercado Carrefour,AR-K,-28.477093,-65.778282,10,178
Carrefour,Hipermercado Carrefour,AR-K,-28.472754,-65.778435,10,132
Carrefour,Hipermercado Carrefour,AR-K,-28.464165,-65.759003,10,700
Carrefour,Hipermercado Carrefour,AR-L,-36.618340,-64.291252,10,147
Carrefour,Hipermercado Carrefour,AR-L,-36.604294,-64.280899,10,184
Carrefour,Hipermercado Carrefour,AR-M,-33.364040,-69.144081,10,286
Carrefour,Hipermercado Carrefour,AR-M,-33.082115,-68.470436,10,507
Carrefour,Hipermercado Carrefour,AR-M,-33.056206,-68.825302,10,842
Carrefour,Hipermercado Carrefour,AR-M,-33.036674,-68.878845,10,289
Carrefour,Hipermercado Carrefour,AR-M,-32.986229,-68.791367,10,851
Carrefour,Hipermercado Carrefour,AR-M,-32.928741,-68.844917,10,857
Carrefour,Hipermercado Carrefour,AR-M,-32.923428,-68.738472,10,875
Carrefour,Hipermercado Carrefour,AR-M,-32.922310,-68.847496,10,59
Carrefour,Hipermercado Carrefour,AR-M,-32.908234,-68.789276,10,17
Carrefour,Hipermercado Carrefour,AR-M,-32.903095,-68.852425,10,290
Carrefour,Hipermercado Carrefour,AR-M,-32.898998,-68.855476,10,836
Carrefour,Hipermercado Carrefour,AR-M,-32.894718,-68.839905,10,833
Carrefour,Hipermercado Carrefour,AR-M,-32.894356,-68.845100,10,282
Carrefour,Hipermercado Carrefour,AR-M,-32.892204,-68.843094,10,843
Carrefour,Hipermercado Carrefour,AR-M,-32.892189,-68.849052,10,834
Carrefour,Hipermercado Carrefour,AR-M,-32.889999,-68.840500,10,261
Carrefour,Hipermercado Carrefour,AR-M,-32.888409,-68.841667,10,822
Carrefour,Hipermercado Carrefour,AR-M,-32.885582,-68.842278,10,283
Carrefour,Hipermercado Carrefour,AR-M,-32.885048,-68.848198,10,29
Carrefour,Hipermercado Carrefour,AR-M,-32.882389,-68.844788,10,862
Carrefour,Hipermercado Carrefour,AR-M,-32.881390,-68.851349,10,267
Carrefour,Hipermercado Carrefour,AR-M,-32.877586,-68.855225,10,287
Carrefour,Hipermercado Carrefour,AR-M,-32.875259,-68.847366,10,269
Carrefour,Hipermercado Carrefour,AR-M,-32.874592,-68.856056,10,841
Carrefour,Hipermercado Carrefour,AR-M,-32.868656,-68.852646,10,288
Carrefour,Hipermercado Carrefour,AR-M,-32.720119,-68.595963,10,863
Carrefour,Hipermercado Carrefour,AR-P,-26.190380,-58.187565,10,55
Carrefour,Hipermercado Carrefour,AR-P,-26.181410,-58.166897,10,141
Carrefour,Hipermercado Carrefour,AR-Q,-38.958858,-68.058929,10,157
Carrefour,Hipermercado Carrefour,AR-Q,-38.946819,-68.110435,10,53
Carrefour,Hipermercado Carrefour,AR-R,-41.136200,-71.296791,10,149
Carrefour,Hipermercado Carrefour,AR-R,-39.030327,-67.573776,10,136
Carrefour,Hipermercado Carrefour,AR-S,-33.744186,-61.982983,10,259
Carrefour,Hipermercado Carrefour,AR-S,-32.970123,-60.628559,10,33
Carrefour,Hipermercado Carrefour,AR-S,-32.951847,-60.670441,10,32
Carrefour,Hipermercado Carrefour,AR-S,-32.942436,-60.657028,10,268
Carrefour,Hipermercado Carrefour,AR-S,-32.934017,-60.702038,10,41
Carrefour,Hipermercado Carrefour,AR-S,-32.904530,-60.727936,10,18
Carrefour,Hipermercado Carrefour,AR-T,-26.830652,-65.206886,10,176
Carrefour,Hipermercado Carrefour,AR-T,-26.830278,-65.202011,10,177
Carrefour,Hipermercado Carrefour,AR-T,-26.814606,-65.209518,10,46
Carrefour,Hipermercado Carrefour,AR-T,-26.812901,-65.292313,10,601
Carrefour,Hipermercado Carrefour,AR-U,-45.870033,-67.532669,10,292
Carrefour,Hipermercado Carrefour,AR-U,-45.861561,-67.479965,10,128
Carrefour,Hipermercado Carrefour,AR-U,-43.257504,-65.305489,10,162
Carrefour,Hipermercado Carrefour,AR-U,-43.251438,-65.309593,10,146
Carrefour,Hipermercado Carrefour,AR-U,-42.775494,-65.048584,10,179
Carrefour,Hipermercado Carrefour,AR-U,-42.766296,-65.035408,10,165
Carrefour,Hipermercado Carrefour,AR-V,-54.815338,-68.334290,10,161
Carrefour,Hipermercado Carrefour,AR-V,-53.785007,-67.702988,10,142
Carrefour,Hipermercado Carrefour,AR-V,-53.774139,-67.721619,10,180
Carrefour,Hipermercado Carrefour,AR-W,-27.477093,-58.815872,10,159
Carrefour,Hipermercado Carrefour,AR-W,-27.467798,-58.834023,10,110
Carrefour,Hipermercado Carrefour,AR-X,-33.125271,-64.349014,10,119
Carrefour,Hipermercado Carrefour,AR-X,-31.455534,-64.166092,10,24
Carrefour,Hipermercado Carrefour,AR-X,-31.431183,-64.193787,10,846
Carrefour,Hipermercado Carrefour,AR-X,-31.430384,-64.187866,10,736
Carrefour,Hipermercado Carrefour,AR-X,-31.428959,-64.191162,10,606
Carrefour,Hipermercado Carrefour,AR-X,-31.427629,-64.185974,10,790
Carrefour,Hipermercado Carrefour,AR-X,-31.427147,-64.191605,10,818
Carrefour,Hipermercado Carrefour,AR-X,-31.426126,-64.183578,10,607
Carrefour,Hipermercado Carrefour,AR-X,-31.425978,-64.192764,10,610
Carrefour,Hipermercado Carrefour,AR-X,-31.425266,-64.179611,10,764
Carrefour,Hipermercado Carrefour,AR-X,-31.423689,-64.145187,10,814
Carrefour,Hipermercado Carrefour,AR-X,-31.423132,-64.184090,10,770
Carrefour,Hipermercado Carrefour,AR-X,-31.423029,-64.186150,10,720
Carrefour,Hipermercado Carrefour,AR-X,-31.422937,-64.186859,10,768
Carrefour,Hipermercado Carrefour,AR-X,-31.422657,-64.180023,10,776
Carrefour,Hipermercado Carrefour,AR-X,-31.420530,-64.499100,10,650
Carrefour,Hipermercado Carrefour,AR-X,-31.420240,-64.189651,10,785
Carrefour,Hipermercado Carrefour,AR-X,-31.417677,-64.196823,10,793
Carrefour,Hipermercado Carrefour,AR-X,-31.417021,-64.182915,10,765
Carrefour,Hipermercado Carrefour,AR-X,-31.415770,-64.169502,10,644
Carrefour,Hipermercado Carrefour,AR-X,-31.415653,-64.183861,10,769
Carrefour,Hipermercado Carrefour,AR-X,-31.415382,-64.180511,10,641
Carrefour,Hipermercado Carrefour,AR-X,-31.415363,-64.188530,10,648
Carrefour,Hipermercado Carrefour,AR-X,-31.414696,-64.503098,10,825
Carrefour,Hipermercado Carrefour,AR-X,-31.413639,-64.169876,10,786
Carrefour,Hipermercado Carrefour,AR-X,-31.413448,-64.192039,10,772
Carrefour,Hipermercado Carrefour,AR-X,-31.412863,-64.163689,10,767
Carrefour,Hipermercado Carrefour,AR-X,-31.412485,-64.185280,10,642
Carrefour,Hipermercado Carrefour,AR-X,-31.411818,-64.209984,10,789
Carrefour,Hipermercado Carrefour,AR-X,-31.410797,-64.191841,10,853
Carrefour,Hipermercado Carrefour,AR-X,-31.409988,-64.201691,10,821
Carrefour,Hipermercado Carrefour,AR-X,-31.409132,-64.215958,10,817
Carrefour,Hipermercado Carrefour,AR-X,-31.408983,-64.197792,10,813
Carrefour,Hipermercado Carrefour,AR-X,-31.406416,-64.205612,10,810
Carrefour,Hipermercado Carrefour,AR-X,-31.402622,-64.199158,10,771
Carrefour,Hipermercado Carrefour,AR-X,-31.402220,-64.232628,10,766
Carrefour,Hipermercado Carrefour,AR-X,-31.401711,-64.196182,10,820
Carrefour,Hipermercado Carrefour,AR-X,-31.397276,-64.187065,10,784
Carrefour,Hipermercado Carrefour,AR-X,-31.393915,-64.242836,10,9
Carrefour,Hipermercado Carrefour,AR-X,-31.392338,-64.222763,10,844
Carrefour,Hipermercado Carrefour,AR-X,-31.390963,-64.184517,10,762
Carrefour,Hipermercado Carrefour,AR-X,-31.389744,-64.183701,10,794
Carrefour,Hipermercado Carrefour,AR-X,-31.382931,-64.133614,10,806
Carrefour,Hipermercado Carrefour,AR-X,-31.380407,-64.170624,10,807
Carrefour,Hipermercado Carrefour,AR-X,-31.374529,-64.213852,10,295
Carrefour,Hipermercado Carrefour,AR-X,-31.346645,-64.269295,10,50
Carrefour,Hipermercado Carrefour,AR-X,-31.300018,-64.276459,10,54
Carrefour,Hipermercado Carrefour,AR-X,-31.288101,-64.294411,10,852
Carrefour,Hipermercado Carrefour,AR-X,-31.242144,-64.465683,10,824
Carrefour,Hipermercado Carrefour,AR-X,-31.092842,-64.481361,10,847
Carrefour,Hipermercado Carrefour,AR-Z,-51.628208,-69.246758,10,48
Carrefour,Hipermercado Carrefour,AR-Z,-51.622681,-69.212837,10,143
Carrefour,Hipermercado Carrefour,AR-Z,-46.444904,-67.533791,10,63
Carrefour,Hipermercado Carrefour,,-34.633682,-58.471207,10,6007
Carrefour,Hipermercado Carrefour,,-34.620052,-58.461094,10,6032
Carrefour,Hipermercado Carrefour,,-33.020138,-68.909042,10,6014
Carrefour,Hipermercado Carrefour,,-33.008511,-68.797379,10,6027
Carrefour,Hipermercado Carrefour,,-33.005825,-68.886475,10,6013
Carrefour,Hipermercado Carrefour,,-33.000420,-68.906960,10,6019
Carrefour,Hipermercado Carrefour,,-32.992786,-68.887169,10,6017
Carrefour,Hipermercado Carrefour,,-32.986263,-68.882980,10,6018
Carrefour,Hipermercado Carrefour,,-32.962349,-68.853508,10,6015
Carrefour,Hipermercado Carrefour,,-32.959835,-68.783646,10,6022
Carrefour,Hipermercado Carrefour,,-32.905514,-68.843056,10,6029
Carrefour,Hipermercado Carrefour,,-32.901970,-68.858383,10,6028
Carrefour,Hipermercado Carrefour,,-32.893692,-68.846077,10,6026
Carrefour,Hipermercado Carrefour,,-32.893272,-68.840492,10,6023
Carrefour,Hipermercado Carrefour,,-32.891987,-68.854530,10,6025
Carrefour,Hipermercado Carrefour,,-32.887112,-68.850342,10,6024
Carrefour,Hipermercado Carrefour,,-32.883827,-68.839981,10,6021
Carrefour,Hipermercado Carrefour,,-32.883633,-68.838402,10,6020
Carrefour,Hipermercado Carrefour,,-31.653473,-63.909172,10,6003
Carrefour,Hipermercado Carrefour,,-31.418133,-64.192627,10,6004
Carrefour,Hipermercado Carrefour,,-31.408691,-64.207626,10,6010
Carrefour,Hipermercado Carrefour,,-31.401735,-64.221313,10,6011
Carrefour,Hipermercado Carrefour,,-31.400816,-64.181450,10,6005
Carrefour,Hipermercado Carrefour,,-31.397186,-64.199158,10,6030
Carrefour,Hipermercado Carrefour,,-31.377924,-64.204323,10,6006
Carrefour,Hipermercado Carrefour,,-31.309290,-64.287994,10,6012
Carrefour,Hipermercado Carrefour,,-24.797726,-65.478073,10,6033
Carrefour,Hipermercado Carrefour,,-24.790289,-65.410294,10,6008
Carrefour,Hipermercado Carrefour,,-24.784594,-65.412079,10,6009
Chango Más,SuperChangomas,AR-A,-24.804821,-65.420784,11,1011
Chango Más,SuperChangomas,AR-A,-24.726101,-65.403374,11,1075
Chango Más,SuperChangomas,AR-A,-23.144838,-64.326263,11,1052
Chango Más,SuperChangomas,AR-A,-22.513508,-63.792130,11,1078
Chango Más,SuperChangomas,AR-B,-38.697582,-62.243095,11,3602
Chango Más,SuperChangomas,AR-B,-36.880768,-60.304043,11,1054
Chango Más,SuperChangomas,AR-B,-35.023460,-58.423527,11,1084
Chango Más,SuperChangomas,AR-B,-34.890491,-57.996849,11,3601
Chango Más,SuperChangomas,AR-B,-34.816631,-58.389896,11,1028
Chango Más,SuperChangomas,AR-B,-34.809113,-58.343910,11,1110
Chango Más,SuperChangomas,AR-B,-34.763557,-58.618839,11,1059
Chango Más,SuperChangomas,AR-B,-34.756840,-58.377739,11,1076
Chango Más,SuperChangomas,AR-B,-34.741890,-58.564316,11,1043
Chango Más,SuperChangomas,AR-B,-34.733395,-58.293617,11,1018
Chango Más,SuperChangomas,AR-B,-34.718807,-58.351974,11,1050
Chango Más,SuperChangomas,AR-B,-34.701454,-58.534012,11,1017
Chango Más,SuperChangomas,AR-B,-34.689083,-58.626244,11,1116
Chango Más,SuperChangomas,AR-B,-34.685841,-58.555325,11,2998
Chango Más,SuperChangomas,AR-B,-34.678570,-58.334423,11,1016
Chango Más,SuperChangomas,AR-B,-34.677509,-58.366669,11,2999
Chango Más,SuperChangomas,AR-B,-34.651917,-58.792473,11,1036
Chango Más,SuperChangomas,AR-B,-34.607498,-58.635181,11,1045
Chango Más,SuperChangomas,AR-B,-34.606651,-58.555199,11,1096
Chango Más,SuperChangomas,AR-B,-34.597412,-60.975082,11,1061
Chango Más,SuperChangomas,AR-B,-34.588062,-58.745113,11,1029
Chango Más,SuperChangomas,AR-B,-34.587223,-58.662777,11,1044
Chango Más,SuperChangomas,AR-B,-34.575111,-58.611389,11,1035
Chango Más,SuperChangomas,AR-B,-34.574100,-58.530495,11,1037
Chango Más,SuperChangomas,AR-B,-34.548107,-59.112038,11,1014
Chango Más,SuperChangomas,AR-B,-34.535999,-58.797073,11,1119
Chango Más,SuperChangomas,AR-B,-34.530125,-58.749981,11,1030
Chango Más,SuperChangomas,AR-B,-34.499104,-58.710796,11,1032
Chango Más,SuperChangomas,AR-B,-34.484169,-58.595829,11,1004
Chango Más,SuperChangomas,AR-B,-34.473770,-58.662670,11,1013
Chango Más,SuperChangomas,AR-B,-34.448738,-58.885979,11,1087
Chango Más,SuperChangomas,AR-B,-33.894012,-60.564922,11,1046
Chango Más,SuperChangomas,AR-C,-34.661575,-58.484238,11,1027
Chango Más,SuperChangomas,AR-C,-34.572792,-58.507801,11,2997
Chango Más,SuperChangomas,AR-D,-33.680309,-65.452309,11,1055
Chango Más,SuperChangomas,AR-D,-33.296619,-66.303040,11,1003
Chango Más,SuperChangomas,AR-E,-31.741911,-60.493870,11,1039
Chango Más,SuperChangomas,AR-E,-31.721006,-60.547112,11,3604
Chango Más,SuperChangomas,AR-F,-29.427530,-66.862389,11,1007
Chango Más,SuperChangomas,AR-G,-27.828131,-64.270004,11,1080
Chango Más,SuperChangomas,AR-G,-27.809677,-64.249649,11,1012
Chango Más,SuperChangomas,AR-H,-27.446552,-59.021332,11,1058
Chango Más,SuperChangomas,AR-J,-31.575672,-68.543724,11,1081
Chango Más,SuperChangomas,AR-J,-31.541113,-68.573364,11,1006
Chango Más,SuperChangomas,AR-J,-31.511110,-68.546211,11,1092
Chango Más,SuperChangomas,AR-K,-28.467222,-65.755219,11,1026
Chango Más,SuperChangomas,AR-L,-36.634811,-64.315208,11,1100
Chango Más,SuperChangomas,AR-L,-36.603195,-64.270973,11,1023
Chango Más,SuperChangomas,AR-L,-35.662563,-63.783195,11,1077
Chango Más,SuperChangomas,AR-M,-33.079826,-68.482803,11,1067
Chango Más,SuperChangomas,AR-M,-32.978813,-68.797142,11,1015
Chango Más,SuperChangomas,AR-M,-32.951366,-68.858597,11,1068
Chango Más,SuperChangomas,AR-M,-32.914509,-68.825287,11,3613
Chango Más,SuperChangomas,AR-M,-32.850685,-68.858643,11,1005
Chango Más,SuperChangomas,AR-N,-27.425611,-55.933212,11,1099
Chango Más,SuperChangomas,AR-N,-27.367222,-55.927509,11,1051
Chango Más,SuperChangomas,AR-P,-26.195040,-58.203312,11,1024
Chango Más,SuperChangomas,AR-P,-26.151457,-58.161308,11,1086
Chango Más,SuperChangomas,AR-P,-25.287481,-57.723763,11,1114
Chango Más,SuperChangomas,AR-Q,-38.960602,-68.041000,11,3608
Chango Más,SuperChangomas,AR-Q,-38.950523,-68.097282,11,1021
Chango Más,SuperChangomas,AR-R,-41.160854,-71.319145,11,1022
Chango Más,SuperChangomas,AR-R,-40.824867,-62.984272,11,1053
Chango Más,SuperChangomas,AR-R,-39.036713,-67.588814,11,1115
Chango Más,SuperChangomas,AR-R,-38.931847,-67.984138,11,1038
Chango Más,SuperChangomas,AR-S,-31.642111,-60.656441,11,3603
Chango Más,SuperChangomas,AR-T,-27.350410,-65.589111,11,1088
Chango Más,SuperChangomas,AR-T,-26.866112,-65.221107,11,1082
Chango Más,SuperChangomas,AR-T,-26.837786,-65.169380,11,1033
Chango Más,SuperChangomas,AR-T,-26.804676,-65.260010,11,1020
Chango Más,SuperChangomas,AR-T,-26.794186,-65.224518,11,1106
Chango Más,SuperChangomas,AR-U,-45.883472,-67.525299,11,1057
Chango Más,SuperChangomas,AR-U,-45.827236,-67.467628,11,1093
Chango Más,SuperChangomas,AR-U,-43.249283,-65.290802,11,1042
Chango Más,SuperChangomas,AR-U,-42.784828,-65.033379,11,1108
Chango Más,SuperChangomas,AR-W,-29.154703,-59.272545,11,1074
Chango Más,SuperChangomas,AR-W,-27.500422,-58.812721,11,1085
Chango Más,SuperChangomas,AR-W,-27.470051,-58.805927,11,1008
Chango Más,SuperChangomas,AR-X,-33.131161,-64.382401,11,1002
Chango Más,SuperChangomas,AR-X,-32.423607,-63.243977,11,1056
Chango Más,SuperChangomas,AR-X,-31.466986,-64.162453,11,1010
Chango Más,SuperChangomas,AR-X,-31.432014,-64.243988,11,1060
Chango Más,SuperChangomas,AR-X,-31.395535,-64.259727,11,3605
Chango Más,SuperChangomas,AR-X,-31.391634,-64.158485,11,3606
Chango Más,SuperChangomas,AR-X,-31.324020,-64.269119,11,1097
Chango Más,SuperChangomas,AR-Y,-24.224911,-64.860413,11,1111
Chango Más,SuperChangomas,AR-Y,-24.210676,-65.288498,11,1031
Coto,COTO CICSA,AR-B,-38.079350,-57.583340,12,238
Coto,COTO CICSA,AR-B,-37.185486,-56.951626,12,178
Coto,COTO CICSA,AR-B,-36.721447,-56.676861,12,49
Coto,COTO CICSA,AR-B,-36.582165,-56.714638,12,204
Coto,COTO CICSA,AR-B,-34.913258,-57.960171,12,149
Coto,COTO CICSA,AR-B,-34.893322,-58.571980,12,171
Coto,COTO CICSA,AR-B,-34.844002,-58.507954,12,189
Coto,COTO CICSA,AR-B,-34.814705,-58.456993,12,105
Coto,COTO CICSA,AR-B,-34.781727,-58.406708,12,107
Coto,COTO CICSA,AR-B,-34.764145,-58.620056,12,13
Coto,COTO CICSA,AR-B,-34.749424,-58.400223,12,183
Coto,COTO CICSA,AR-B,-34.743717,-58.289188,12,104
Coto,COTO CICSA,AR-B,-34.726933,-58.395664,12,186
Coto,COTO CICSA,AR-B,-34.724716,-58.256138,12,235
Coto,COTO CICSA,AR-B,-34.720093,-58.262753,12,65
Coto,COTO CICSA,AR-B,-34.719143,-58.291328,12,130
Coto,COTO CICSA,AR-B,-34.703014,-58.499561,12,94
Coto,COTO CICSA,AR-B,-34.690411,-58.420574,12,75
Coto,COTO CICSA,AR-B,-34.683170,-58.342937,12,64
Coto,COTO CICSA,AR-B,-34.666821,-58.703197,12,208
Coto,COTO CICSA,AR-B,-34.665005,-58.362316,12,101
Coto,COTO CICSA,AR-B,-34.650211,-58.626419,12,215
Coto,COTO CICSA,AR-B,-34.640739,-58.794117,12,219
Coto,COTO CICSA,AR-B,-34.640350,-58.655781,12,199
Coto,COTO CICSA,AR-B,-34.640266,-58.561779,12,51
Coto,COTO CICSA,AR-B,-34.628723,-58.548893,12,129
Coto,COTO CICSA,AR-B,-34.600212,-58.544655,12,53
Coto,COTO CICSA,AR-B,-34.581055,-58.541824,12,111
Coto,COTO CICSA,AR-B,-34.579197,-58.536163,12,57
Coto,COTO CICSA,AR-B,-34.571548,-58.683327,12,123
Coto,COTO CICSA,AR-B,-34.555374,-58.558311,12,164
Coto,COTO CICSA,AR-B,-34.533165,-58.502453,12,38
Coto,COTO CICSA,AR-B,-34.523964,-58.520821,12,188
Coto,COTO CICSA,AR-B,-34.521576,-58.485008,12,92
Coto,COTO CICSA,AR-B,-34.519577,-58.753101,12,131
Coto,COTO CICSA,AR-B,-34.480824,-58.537601,12,68
Coto,COTO CICSA,AR-B,-34.480244,-58.505627,12,67
Coto,COTO CICSA,AR-B,-34.474499,-58.574852,12,192
Coto,COTO CICSA,AR-B,-34.465454,-58.510094,12,70
Coto,COTO CICSA,AR-B,-34.462002,-58.760201,12,162
Coto,COTO CICSA,AR-B,-34.453117,-58.730705,12,184
Coto,COTO CICSA,AR-B,-34.452438,-58.527515,12,69
Coto,COTO CICSA,AR-B,-34.419956,-58.794678,12,155
Coto,COTO CICSA,AR-B,-34.417938,-58.725594,12,197
Coto,COTO CICSA,AR-B,-34.403481,-58.630558,12,182
Coto,COTO CICSA,AR-B,-34.345600,-58.792854,12,154
Coto,COTO CICSA,AR-B,-34.165951,-58.961132,12,117
Coto,COTO CICSA,AR-C,-34.687599,-58.475361,12,37
Coto,COTO CICSA,AR-C,-34.684517,-58.464146,12,110
Coto,COTO CICSA,AR-C,-34.671089,-58.479149,12,121
Coto,COTO CICSA,AR-C,-34.656143,-58.524475,12,39
Coto,COTO CICSA,AR-C,-34.656105,-58.476795,12,85
Coto,COTO CICSA,AR-C,-34.654144,-58.419678,12,63
Coto,COTO CICSA,AR-C,-34.642670,-58.422710,12,6
Coto,COTO CICSA,AR-C,-34.638088,-58.452572,12,40
Coto,COTO CICSA,AR-C,-34.637920,-58.502750,12,83
Coto,COTO CICSA,AR-C,-34.635830,-58.441544,12,151
Coto,COTO CICSA,AR-C,-34.634480,-58.464069,12,48
Coto,COTO CICSA,AR-C,-34.632084,-58.376068,12,220
Coto,COTO CICSA,AR-C,-34.631699,-58.469212,12,180
Coto,COTO CICSA,AR-C,-34.629044,-58.481689,12,55
Coto,COTO CICSA,AR-C,-34.628906,-58.402557,12,7
Coto,COTO CICSA,AR-C,-34.628166,-58.453316,12,60
Coto,COTO CICSA,AR-C,-34.626434,-58.382214,12,19
Coto,COTO CICSA,AR-C,-34.625935,-58.435528,12,136
Coto,COTO CICSA,AR-C,-34.625519,-58.373631,12,25
Coto,COTO CICSA,AR-C,-34.623833,-58.512074,12,125
Coto,COTO CICSA,AR-C,-34.623035,-58.395908,12,124
Coto,COTO CICSA,AR-C,-34.622112,-58.416435,12,43
Coto,COTO CICSA,AR-C,-34.621159,-58.445992,12,116
Coto,COTO CICSA,AR-C,-34.620487,-58.499249,12,90
Coto,COTO CICSA,AR-C,-34.618980,-58.475437,12,167
Coto,COTO CICSA,AR-C,-34.618275,-58.519287,12,35
Coto,COTO CICSA,AR-C,-34.616245,-58.398239,12,78
Coto,COTO CICSA,AR-C,-34.614635,-58.420517,12,18
Coto,COTO CICSA,AR-C,-34.612114,-58.455044,12,103
Coto,COTO CICSA,AR-C,-34.611992,-58.398926,12,61
Coto,COTO CICSA,AR-C,-34.611851,-58.420902,12,84
Coto,COTO CICSA,AR-C,-34.610188,-58.406754,12,46
Coto,COTO CICSA,AR-C,-34.608715,-58.430950,12,41
Coto,COTO CICSA,AR-C,-34.607704,-58.387901,12,159
Coto,COTO CICSA,AR-C,-34.607376,-58.477493,12,153
Coto,COTO CICSA,AR-C,-34.606243,-58.510654,12,52
Coto,COTO CICSA,AR-C,-34.605625,-58.413563,12,74
Coto,COTO CICSA,AR-C,-34.604824,-58.457134,12,2
Coto,COTO CICSA,AR-C,-34.602753,-58.411415,12,91
Coto,COTO CICSA,AR-C,-34.601791,-58.442551,12,82
Coto,COTO CICSA,AR-C,-34.600681,-58.389168,12,58
Coto,COTO CICSA,AR-C,-34.597080,-58.406494,12,42
Coto,COTO CICSA,AR-C,-34.596004,-58.397396,12,163
Coto,COTO CICSA,AR-C,-34.595142,-58.443905,12,168
Coto,COTO CICSA,AR-C,-34.594128,-58.417549,12,56
Coto,COTO CICSA,AR-C,-34.592472,-58.411102,12,158
Coto,COTO CICSA,AR-C,-34.590721,-58.399403,12,80
Coto,COTO CICSA,AR-C,-34.590286,-58.424061,12,24
Coto,COTO CICSA,AR-C,-34.585045,-58.372700,12,160
Coto,COTO CICSA,AR-C,-34.584785,-58.416523,12,203
Coto,COTO CICSA,AR-C,-34.580231,-58.408607,12,26
Coto,COTO CICSA,AR-C,-34.578358,-58.460232,12,20
Coto,COTO CICSA,AR-C,-34.574078,-58.485954,12,59
Coto,COTO CICSA,AR-C,-34.572853,-58.487881,12,174
Coto,COTO CICSA,AR-C,-34.571896,-58.458683,12,22
Coto,COTO CICSA,AR-C,-34.571342,-58.442101,12,45
Coto,COTO CICSA,AR-C,-34.569836,-58.445904,12,176
Coto,COTO CICSA,AR-C,-34.566898,-58.436161,12,66
Coto,COTO CICSA,AR-C,-34.563583,-58.468410,12,44
Coto,COTO CICSA,AR-C,-34.562820,-58.458851,12,47
Coto,COTO CICSA,AR-C,-34.554905,-58.487030,12,181
Coto,COTO CICSA,AR-C,-34.549187,-58.454445,12,170
Coto,COTO CICSA,AR-C,-34.545895,-58.470562,12,108
Coto,COTO CICSA,AR-E,-31.741938,-60.538765,12,109
Coto,COTO CICSA,AR-M,-32.871590,-68.843575,12,209
Coto,COTO CICSA,AR-Q,-38.942150,-68.064468,12,185
Coto,COTO CICSA,AR-S,-32.951450,-60.646740,12,99
Coto,COTO CICSA,AR-S,-32.944641,-60.677803,12,95
Coto,COTO CICSA,AR-S,-32.941605,-60.644875,12,97
Coto,COTO CICSA,AR-S,-32.929806,-60.724976,12,96
Coto,COTO CICSA,AR-S,-32.926514,-60.672047,12,165
Coto,COTO CICSA,AR-S,-31.649050,-60.703941,12,179
Coto,COTO CICSA,AR-S,-31.637308,-60.701702,12,118
Día,Supermercados DIA,AR-A,-25.802090,-64.976303,15,825
Día,Supermercados DIA,AR-A,-25.498798,-64.970535,15,8014
Día,Supermercados DIA,AR-A,-24.985617,-65.577736,15,8009
Día,Supermercados DIA,AR-A,-24.905302,-65.487190,15,819
Día,Supermercados DIA,AR-A,-24.885700,-65.469513,15,8016
Día,Supermercados DIA,AR-A,-24.849115,-65.433952,15,813
Día,Supermercados DIA,AR-A,-24.812077,-65.383163,15,820
Día,Supermercados DIA,AR-A,-24.811541,-65.426430,15,1802
Día,Supermercados DIA,AR-A,-24.808249,-65.399048,15,806
Día,Supermercados DIA,AR-A,-24.803467,-65.437340,15,8008
Día,Supermercados DIA,AR-A,-24.798143,-65.376961,15,1804
Día,Supermercados DIA,AR-A,-24.797052,-65.398582,15,815
Día,Supermercados DIA,AR-A,-24.794708,-65.432274,15,803
Día,Supermercados DIA,AR-A,-24.788071,-65.421898,15,8013
Día,Supermercados DIA,AR-A,-24.787300,-65.410698,15,826
Día,Supermercados DIA,AR-A,-24.787127,-65.417763,15,821
Día,Supermercados DIA,AR-A,-24.786963,-65.432327,15,8006
Día,Supermercados DIA,AR-A,-24.781494,-65.414368,15,8005
Día,Supermercados DIA,AR-A,-24.778944,-65.404579,15,811
Día,Supermercados DIA,AR-A,-24.777985,-65.409904,15,1800
Día,Supermercados DIA,AR-A,-24.769449,-65.443306,15,810
Día,Supermercados DIA,AR-A,-24.745159,-65.484299,15,824
Día,Supermercados DIA,AR-A,-24.719692,-65.406136,15,1801
Día,Supermercados DIA,AR-A,-24.671541,-65.045998,15,8017
Día,Supermercados DIA,AR-B,-38.381500,-60.275829,15,1078
Día,Supermercados DIA,AR-B,-38.272282,-57.837578,15,1088
Día,Supermercados DIA,AR-B,-38.160694,-58.781990,15,1535
Día,Supermercados DIA,AR-B,-38.041985,-57.547619,15,172
Día,Supermercados DIA,AR-B,-38.030998,-60.098351,15,5608
Día,Supermercados DIA,AR-B,-38.027699,-57.559273,15,5445
Día,Supermercados DIA,AR-B,-38.008976,-57.548176,15,190
Día,Supermercados DIA,AR-B,-38.006626,-57.561287,15,5343
Día,Supermercados DIA,AR-B,-37.994396,-57.554459,15,5409
Día,Supermercados DIA,AR-B,-37.987617,-57.560024,15,184
Día,Supermercados DIA,AR-B,-37.986954,-57.583130,15,5431
Día,Supermercados DIA,AR-B,-37.976883,-57.561714,15,5398
Día,Supermercados DIA,AR-B,-37.974232,-57.594559,15,185
Día,Supermercados DIA,AR-B,-37.848427,-58.255188,15,5423
Día,Supermercados DIA,AR-B,-37.845058,-58.253254,15,5437
Día,Supermercados DIA,AR-B,-37.840752,-58.256252,15,278
Día,Supermercados DIA,AR-B,-37.671562,-59.807377,15,289
Día,Supermercados DIA,AR-B,-37.449135,-57.727470,15,452
Día,Supermercados DIA,AR-B,-37.317410,-59.134689,15,273
Día,Supermercados DIA,AR-B,-37.285660,-56.992981,15,5605
Día,Supermercados DIA,AR-B,-37.269859,-56.979256,15,5383
Día,Supermercados DIA,AR-B,-37.153980,-58.487377,15,257
Día,Supermercados DIA,AR-B,-37.003441,-57.136082,15,275
Día,Supermercados DIA,AR-B,-36.894089,-60.322968,15,298
Día,Supermercados DIA,AR-B,-36.863464,-57.880219,15,199
Día,Supermercados DIA,AR-B,-36.781067,-59.859592,15,265
Día,Supermercados DIA,AR-B,-36.777248,-59.088367,15,441
Día,Supermercados DIA,AR-B,-36.599709,-61.749462,15,297
Día,Supermercados DIA,AR-B,-36.356693,-56.721226,15,5418
Día,Supermercados DIA,AR-B,-36.317589,-57.688351,15,5604
Día,Supermercados DIA,AR-B,-36.313705,-57.680161,15,1025
Día,Supermercados DIA,AR-B,-36.240929,-61.128201,15,5619
Día,Supermercados DIA,AR-B,-36.231056,-61.113087,15,1536
Día,Supermercados DIA,AR-B,-36.018681,-59.094597,15,202
Día,Supermercados DIA,AR-B,-35.977261,-62.738239,15,5602
Día,Supermercados DIA,AR-B,-35.970753,-62.731873,15,1525
Día,Supermercados DIA,AR-B,-35.813160,-61.896980,15,310
Día,Supermercados DIA,AR-B,-35.767071,-58.493309,15,250
Día,Supermercados DIA,AR-B,-35.625004,-61.365063,15,230
Día,Supermercados DIA,AR-B,-35.576611,-58.004917,15,5446
Día,Supermercados DIA,AR-B,-35.561417,-58.017384,15,1018
Día,Supermercados DIA,AR-B,-35.515800,-58.316883,15,201
Día,Supermercados DIA,AR-B,-35.487759,-62.975086,15,367
Día,Supermercados DIA,AR-B,-35.441360,-58.805485,15,1507
Día,Supermercados DIA,AR-B,-35.433296,-60.166462,15,226
Día,Supermercados DIA,AR-B,-35.398365,-59.330898,15,251
Día,Supermercados DIA,AR-B,-35.188843,-59.096783,15,256
Día,Supermercados DIA,AR-B,-35.169003,-58.231876,15,176
Día,Supermercados DIA,AR-B,-35.124191,-60.477345,15,5122
Día,Supermercados DIA,AR-B,-35.117226,-60.485874,15,213
Día,Supermercados DIA,AR-B,-35.079105,-57.515625,15,933
Día,Supermercados DIA,AR-B,-35.053089,-58.760643,15,39
Día,Supermercados DIA,AR-B,-35.050930,-58.764889,15,342
Día,Supermercados DIA,AR-B,-35.033081,-63.012165,15,1075
Día,Supermercados DIA,AR-B,-35.031738,-58.417053,15,1539
Día,Supermercados DIA,AR-B,-35.030491,-60.280476,15,5414
Día,Supermercados DIA,AR-B,-35.022106,-58.420471,15,104
Día,Supermercados DIA,AR-B,-35.020180,-58.427120,15,5609
Día,Supermercados DIA,AR-B,-35.005150,-59.278072,15,253
Día,Supermercados DIA,AR-B,-35.001720,-61.034019,15,231
Día,Supermercados DIA,AR-B,-34.985691,-58.367371,15,5616
Día,Supermercados DIA,AR-B,-34.984291,-58.376122,15,96
Día,Supermercados DIA,AR-B,-34.954231,-57.965885,15,5520
Día,Supermercados DIA,AR-B,-34.951729,-57.969231,15,5402
Día,Supermercados DIA,AR-B,-34.939137,-57.986610,15,5435
Día,Supermercados DIA,AR-B,-34.938206,-58.618435,15,5136
Día,Supermercados DIA,AR-B,-34.928261,-57.942886,15,5366
Día,Supermercados DIA,AR-B,-34.925724,-57.907764,15,1020
Día,Supermercados DIA,AR-B,-34.922161,-57.962627,15,5475
Día,Supermercados DIA,AR-B,-34.919659,-57.942871,15,5536
Día,Supermercados DIA,AR-B,-34.910511,-58.593048,15,83
Día,Supermercados DIA,AR-B,-34.909920,-57.980160,15,5396
Día,Supermercados DIA,AR-B,-34.909912,-57.954620,15,5441
Día,Supermercados DIA,AR-B,-34.907795,-57.961636,15,5511
Día,Supermercados DIA,AR-B,-34.904968,-57.962845,15,5410
Día,Supermercados DIA,AR-B,-34.894047,-60.022812,15,248
Día,Supermercados DIA,AR-B,-34.892971,-57.945930,15,1034
Día,Supermercados DIA,AR-B,-34.891003,-58.566486,15,40
Día,Supermercados DIA,AR-B,-34.890339,-60.013317,15,5234
Día,Supermercados DIA,AR-B,-34.887215,-58.384251,15,220
Día,Supermercados DIA,AR-B,-34.881901,-58.007404,15,5531
Día,Supermercados DIA,AR-B,-34.876354,-57.893196,15,5472
Día,Supermercados DIA,AR-B,-34.874207,-57.867832,15,43
Día,Supermercados DIA,AR-B,-34.870750,-61.533791,15,5598
Día,Supermercados DIA,AR-B,-34.870209,-57.880875,15,41
Día,Supermercados DIA,AR-B,-34.869495,-61.529976,15,5443
Día,Supermercados DIA,AR-B,-34.865421,-57.905602,15,5425
Día,Supermercados DIA,AR-B,-34.861401,-61.538929,15,5607
Día,Supermercados DIA,AR-B,-34.860558,-57.903259,15,55
Día,Supermercados DIA,AR-B,-34.860050,-58.384937,15,154
Día,Supermercados DIA,AR-B,-34.858231,-58.389309,15,279
Día,Supermercados DIA,AR-B,-34.857155,-57.916813,15,163
Día,Supermercados DIA,AR-B,-34.856499,-58.522804,15,5484
Día,Supermercados DIA,AR-B,-34.855656,-58.522339,15,5478
Día,Supermercados DIA,AR-B,-34.851959,-58.522270,15,80
Día,Supermercados DIA,AR-B,-34.833874,-58.494984,15,78
Día,Supermercados DIA,AR-B,-34.830925,-58.457272,15,1012
Día,Supermercados DIA,AR-B,-34.829304,-58.228638,15,93
Día,Supermercados DIA,AR-B,-34.828384,-58.646107,15,5293
Día,Supermercados DIA,AR-B,-34.827637,-58.384491,15,141
Día,Supermercados DIA,AR-B,-34.826229,-58.393707,15,118
Día,Supermercados DIA,AR-B,-34.819809,-58.467400,15,62
Día,Supermercados DIA,AR-B,-34.819424,-58.277988,15,1017
Día,Supermercados DIA,AR-B,-34.818378,-58.425713,15,180
Día,Supermercados DIA,AR-B,-34.815174,-58.466232,15,5324
Día,Supermercados DIA,AR-B,-34.811928,-58.634727,15,76
Día,Supermercados DIA,AR-B,-34.809738,-58.187260,15,73
Día,Supermercados DIA,AR-B,-34.808868,-58.388805,15,1002
Día,Supermercados DIA,AR-B,-34.806812,-58.301815,15,74
Día,Supermercados DIA,AR-B,-34.804783,-58.477245,15,1024
Día,Supermercados DIA,AR-B,-34.803234,-58.449413,15,107
Día,Supermercados DIA,AR-B,-34.802189,-58.407242,15,5593
Día,Supermercados DIA,AR-B,-34.801601,-58.771198,15,5556
Día,Supermercados DIA,AR-B,-34.799770,-58.395908,15,182
Día,Supermercados DIA,AR-B,-34.798210,-58.425293,15,131
Día,Supermercados DIA,AR-B,-34.796021,-58.385963,15,276
Día,Supermercados DIA,AR-B,-34.794289,-58.351452,15,5613
Día,Supermercados DIA,AR-B,-34.792416,-58.310215,15,174
Día,Supermercados DIA,AR-B,-34.792007,-58.357506,15,1021
Día,Supermercados DIA,AR-B,-34.791130,-58.380203,15,5447
Día,Supermercados DIA,AR-B,-34.782360,-58.314262,15,5434
Día,Supermercados DIA,AR-B,-34.780426,-58.841625,15,5285
Día,Supermercados DIA,AR-B,-34.780334,-58.479153,15,126
Día,Supermercados DIA,AR-B,-34.779850,-58.315041,15,5541
Día,Supermercados DIA,AR-B,-34.779316,-58.310295,15,59
Día,Supermercados DIA,AR-B,-34.779217,-58.265289,15,5346
Día,Supermercados DIA,AR-B,-34.778141,-58.332680,15,5606
Día,Supermercados DIA,AR-B,-34.778130,-58.319267,15,5552
Día,Supermercados DIA,AR-B,-34.776875,-58.306396,15,5208
Día,Supermercados DIA,AR-B,-34.776768,-58.308834,15,5533
Día,Supermercados DIA,AR-B,-34.774223,-58.647949,15,5328
Día,Supermercados DIA,AR-B,-34.773594,-58.384968,15,1031
Día,Supermercados DIA,AR-B,-34.769657,-58.297005,15,5297
Día,Supermercados DIA,AR-B,-34.769363,-58.645153,15,54
Día,Supermercados DIA,AR-B,-34.769333,-58.355614,15,67
Día,Supermercados DIA,AR-B,-34.767258,-58.219517,15,1023
Día,Supermercados DIA,AR-B,-34.765736,-58.274567,15,5570
Día,Supermercados DIA,AR-B,-34.765285,-58.197918,15,123
Día,Supermercados DIA,AR-B,-34.764896,-61.892818,15,353
Día,Supermercados DIA,AR-B,-34.761646,-58.361946,15,1039
Día,Supermercados DIA,AR-B,-34.756695,-58.603554,15,5147
Día,Supermercados DIA,AR-B,-34.754677,-58.613911,15,70
Día,Supermercados DIA,AR-B,-34.754223,-58.238045,15,5222
Día,Supermercados DIA,AR-B,-34.752064,-58.234306,15,79
Día,Supermercados DIA,AR-B,-34.751629,-58.419418,15,1010
Día,Supermercados DIA,AR-B,-34.750553,-58.584587,15,5138
Día,Supermercados DIA,AR-B,-34.748211,-58.588463,15,63
Día,Supermercados DIA,AR-B,-34.744450,-58.592426,15,5316
Día,Supermercados DIA,AR-B,-34.743168,-58.393929,15,51
Día,Supermercados DIA,AR-B,-34.741611,-58.621094,15,5166
Día,Supermercados DIA,AR-B,-34.734921,-58.585323,15,88
Día,Supermercados DIA,AR-B,-34.733482,-58.399708,15,5479
Día,Supermercados DIA,AR-B,-34.732918,-58.428932,15,1041
Día,Supermercados DIA,AR-B,-34.731300,-58.266769,15,5583
Día,Supermercados DIA,AR-B,-34.725681,-58.398136,15,82
Día,Supermercados DIA,AR-B,-34.725159,-58.258797,15,5323
Día,Supermercados DIA,AR-B,-34.722569,-58.260689,15,5547
Día,Supermercados DIA,AR-B,-34.721287,-58.362923,15,155
Día,Supermercados DIA,AR-B,-34.721199,-58.790951,15,569
Día,Supermercados DIA,AR-B,-34.720886,-58.570332,15,120
Día,Supermercados DIA,AR-B,-34.720409,-58.462868,15,210
Día,Supermercados DIA,AR-B,-34.718681,-58.270111,15,5573
Día,Supermercados DIA,AR-B,-34.717682,-58.293961,15,5163
Día,Supermercados DIA,AR-B,-34.717144,-58.305054,15,5486
Día,Supermercados DIA,AR-B,-34.716030,-58.273373,15,143
Día,Supermercados DIA,AR-B,-34.715504,-58.538597,15,5342
Día,Supermercados DIA,AR-B,-34.714664,-58.372204,15,127
Día,Supermercados DIA,AR-B,-34.712894,-58.427200,15,5439
Día,Supermercados DIA,AR-B,-34.711628,-58.282066,15,25
Día,Supermercados DIA,AR-B,-34.710693,-58.264992,15,5363
Día,Supermercados DIA,AR-B,-34.708836,-58.389683,15,5313
Día,Supermercados DIA,AR-B,-34.707905,-58.458691,15,203
Día,Supermercados DIA,AR-B,-34.707367,-58.418186,15,26
Día,Supermercados DIA,AR-B,-34.707340,-58.400063,15,150
Día,Supermercados DIA,AR-B,-34.707317,-58.516537,15,71
Día,Supermercados DIA,AR-B,-34.706490,-58.389999,15,122
Día,Supermercados DIA,AR-B,-34.703903,-58.295742,15,5149
Día,Supermercados DIA,AR-B,-34.700546,-58.586159,15,5345
Día,Supermercados DIA,AR-B,-34.699703,-58.624729,15,23
Día,Supermercados DIA,AR-B,-34.698681,-58.505566,15,5338
Día,Supermercados DIA,AR-B,-34.695786,-58.604221,15,5299
Día,Supermercados DIA,AR-B,-34.692726,-58.607723,15,53
Día,Supermercados DIA,AR-B,-34.692379,-58.332001,15,5522
Día,Supermercados DIA,AR-B,-34.691238,-58.337872,15,1047
Día,Supermercados DIA,AR-B,-34.688778,-58.380608,15,152
Día,Supermercados DIA,AR-B,-34.687889,-58.522579,15,1006
Día,Supermercados DIA,AR-B,-34.686676,-58.731846,15,28
Día,Supermercados DIA,AR-B,-34.685963,-58.398201,15,5235
Día,Supermercados DIA,AR-B,-34.683552,-58.590851,15,5143
Día,Supermercados DIA,AR-B,-34.683033,-58.555302,15,19
Día,Supermercados DIA,AR-B,-34.682640,-58.665443,15,5331
Día,Supermercados DIA,AR-B,-34.682556,-58.666737,15,1027
Día,Supermercados DIA,AR-B,-34.681168,-58.703220,15,5376
Día,Supermercados DIA,AR-B,-34.679901,-58.510872,15,140
Día,Supermercados DIA,AR-B,-34.673023,-58.732925,15,5371
Día,Supermercados DIA,AR-B,-34.670952,-58.390400,15,1505
Día,Supermercados DIA,AR-B,-34.669918,-58.411102,15,128
Día,Supermercados DIA,AR-B,-34.667316,-58.530643,15,44
Día,Supermercados DIA,AR-B,-34.666515,-58.727940,15,5539
Día,Supermercados DIA,AR-B,-34.666096,-58.616848,15,1035
Día,Supermercados DIA,AR-B,-34.665985,-58.577332,15,5266
Día,Supermercados DIA,AR-B,-34.665894,-58.415867,15,5438
Día,Supermercados DIA,AR-B,-34.664459,-58.361259,15,5309
Día,Supermercados DIA,AR-B,-34.664120,-58.700397,15,5501
Día,Supermercados DIA,AR-B,-34.661259,-58.726311,15,64
Día,Supermercados DIA,AR-B,-34.661259,-58.364140,15,1534
Día,Supermercados DIA,AR-B,-34.659431,-59.659431,15,5327
Día,Supermercados DIA,AR-B,-34.658344,-58.530865,15,5281
Día,Supermercados DIA,AR-B,-34.657486,-58.540791,15,1009
Día,Supermercados DIA,AR-B,-34.656601,-58.648697,15,1011
Día,Supermercados DIA,AR-B,-34.655979,-58.762383,15,99
Día,Supermercados DIA,AR-B,-34.654240,-58.793415,15,5420
Día,Supermercados DIA,AR-B,-34.654221,-58.572136,15,5315
Día,Supermercados DIA,AR-B,-34.653950,-59.432369,15,212
Día,Supermercados DIA,AR-B,-34.650490,-58.784115,15,1083
Día,Supermercados DIA,AR-B,-34.649876,-58.650433,15,1026
Día,Supermercados DIA,AR-B,-34.649460,-58.617081,15,5589
Día,Supermercados DIA,AR-B,-34.649380,-58.624187,15,5544
Día,Supermercados DIA,AR-B,-34.648037,-58.564194,15,157
Día,Supermercados DIA,AR-B,-34.647480,-58.796413,15,1015
Día,Supermercados DIA,AR-B,-34.647419,-58.622425,15,5318
Día,Supermercados DIA,AR-B,-34.646763,-58.618488,15,98
Día,Supermercados DIA,AR-B,-34.646400,-58.540363,15,5115
Día,Supermercados DIA,AR-B,-34.646011,-58.592937,15,30
Día,Supermercados DIA,AR-B,-34.643978,-58.683784,15,1007
Día,Supermercados DIA,AR-B,-34.640274,-58.541824,15,9
Día,Supermercados DIA,AR-B,-34.638962,-58.737751,15,165
Día,Supermercados DIA,AR-B,-34.638371,-58.563770,15,5118
Día,Supermercados DIA,AR-B,-34.637581,-58.828178,15,129
Día,Supermercados DIA,AR-B,-34.636677,-58.802593,15,5458
Día,Supermercados DIA,AR-B,-34.635246,-58.860947,15,177
Día,Supermercados DIA,AR-B,-34.634850,-58.542461,15,5461
Día,Supermercados DIA,AR-B,-34.634674,-60.464222,15,281
Día,Supermercados DIA,AR-B,-34.634659,-58.580479,15,5611
Día,Supermercados DIA,AR-B,-34.633595,-58.783554,15,1019
Día,Supermercados DIA,AR-B,-34.630707,-58.589741,15,68
Día,Supermercados DIA,AR-B,-34.630470,-58.632568,15,5280
Día,Supermercados DIA,AR-B,-34.627880,-58.656715,15,169
Día,Supermercados DIA,AR-B,-34.627522,-58.564381,15,5168
Día,Supermercados DIA,AR-B,-34.623863,-58.558250,15,1070
Día,Supermercados DIA,AR-B,-34.618229,-58.544250,15,130
Día,Supermercados DIA,AR-B,-34.614513,-58.636448,15,5543
Día,Supermercados DIA,AR-B,-34.613937,-58.551964,15,5413
Día,Supermercados DIA,AR-B,-34.613125,-58.562489,15,148
Día,Supermercados DIA,AR-B,-34.613029,-58.416988,15,5487
Día,Supermercados DIA,AR-B,-34.612129,-58.639011,15,5512
Día,Supermercados DIA,AR-B,-34.611073,-58.578728,15,5200
Día,Supermercados DIA,AR-B,-34.610420,-58.944473,15,1032
Día,Supermercados DIA,AR-B,-34.610054,-58.562836,15,5268
Día,Supermercados DIA,AR-B,-34.609859,-58.570370,15,5407
Día,Supermercados DIA,AR-B,-34.609787,-58.382824,15,5485
Día,Supermercados DIA,AR-B,-34.608715,-58.643543,15,1028
Día,Supermercados DIA,AR-B,-34.605900,-58.560272,15,5380
Día,Supermercados DIA,AR-B,-34.605083,-58.866161,15,5406
Día,Supermercados DIA,AR-B,-34.605000,-58.594872,15,499
Día,Supermercados DIA,AR-B,-34.604519,-58.592789,15,5513
Día,Supermercados DIA,AR-B,-34.603210,-58.635227,15,5465
Día,Supermercados DIA,AR-B,-34.602875,-58.949726,15,5193
Día,Supermercados DIA,AR-B,-34.601776,-58.561817,15,10
Día,Supermercados DIA,AR-B,-34.601772,-58.527409,15,5257
Día,Supermercados DIA,AR-B,-34.598801,-60.958870,15,5612
Día,Supermercados DIA,AR-B,-34.597584,-58.542358,15,183
Día,Supermercados DIA,AR-B,-34.597210,-58.561657,15,5212
Día,Supermercados DIA,AR-B,-34.594967,-58.549747,15,5162
Día,Supermercados DIA,AR-B,-34.594044,-58.537334,15,5456
Día,Supermercados DIA,AR-B,-34.593121,-58.571362,15,151
Día,Supermercados DIA,AR-B,-34.592327,-58.624371,15,5416
Día,Supermercados DIA,AR-B,-34.591164,-58.559158,15,105
Día,Supermercados DIA,AR-B,-34.591076,-60.932716,15,5144
Día,Supermercados DIA,AR-B,-34.589119,-58.572258,15,5452
Día,Supermercados DIA,AR-B,-34.587170,-58.643181,15,5572
Día,Supermercados DIA,AR-B,-34.586784,-58.576382,15,147
Día,Supermercados DIA,AR-B,-34.586124,-58.595551,15,1022
Día,Supermercados DIA,AR-B,-34.585651,-58.747631,15,110
Día,Supermercados DIA,AR-B,-34.584515,-58.586723,15,5370
Día,Supermercados DIA,AR-B,-34.582760,-58.658566,15,94
Día,Supermercados DIA,AR-B,-34.581535,-58.541504,15,5502
Día,Supermercados DIA,AR-B,-34.581039,-58.638821,15,5526
Día,Supermercados DIA,AR-B,-34.580936,-58.753864,15,5157
Día,Supermercados DIA,AR-B,-34.580429,-59.103924,15,5306
Día,Supermercados DIA,AR-B,-34.580124,-58.553818,15,5453
Día,Supermercados DIA,AR-B,-34.578934,-58.544216,15,5397
Día,Supermercados DIA,AR-B,-34.577995,-60.948959,15,5587
Día,Supermercados DIA,AR-B,-34.575722,-58.549969,15,5503
Día,Supermercados DIA,AR-B,-34.575485,-58.530716,15,5477
Día,Supermercados DIA,AR-B,-34.575054,-58.539509,15,5395
Día,Supermercados DIA,AR-B,-34.574436,-58.574486,15,77
Día,Supermercados DIA,AR-B,-34.573864,-58.532631,15,14
Día,Supermercados DIA,AR-B,-34.573444,-58.531776,15,5495
Día,Supermercados DIA,AR-B,-34.573357,-59.115608,15,5464
Día,Supermercados DIA,AR-B,-34.571827,-58.523605,15,5530
Día,Supermercados DIA,AR-B,-34.571808,-58.613834,15,5537
Día,Supermercados DIA,AR-B,-34.571709,-58.602062,15,1014
Día,Supermercados DIA,AR-B,-34.571140,-58.616364,15,5167
Día,Supermercados DIA,AR-B,-34.570648,-58.538860,15,5455
Día,Supermercados DIA,AR-B,-34.569870,-58.547916,15,207
Día,Supermercados DIA,AR-B,-34.567207,-58.642048,15,5497
Día,Supermercados DIA,AR-B,-34.567024,-59.111164,15,48
Día,Supermercados DIA,AR-B,-34.566872,-58.545025,15,5493
Día,Supermercados DIA,AR-B,-34.566288,-58.465122,15,5489
Día,Supermercados DIA,AR-B,-34.565277,-58.684299,15,134
Día,Supermercados DIA,AR-B,-34.562836,-58.610172,15,61
Día,Supermercados DIA,AR-B,-34.561409,-58.521439,15,5483
Día,Supermercados DIA,AR-B,-34.560570,-58.595951,15,5566
Día,Supermercados DIA,AR-B,-34.558231,-58.569973,15,106
Día,Supermercados DIA,AR-B,-34.557907,-58.535820,15,5142
Día,Supermercados DIA,AR-B,-34.551476,-58.511913,15,5428
Día,Supermercados DIA,AR-B,-34.551365,-58.557880,15,5291
Día,Supermercados DIA,AR-B,-34.550583,-58.557652,15,5498
Día,Supermercados DIA,AR-B,-34.550423,-58.552513,15,139
Día,Supermercados DIA,AR-B,-34.550293,-58.590111,15,5344
Día,Supermercados DIA,AR-B,-34.549358,-58.507511,15,5429
Día,Supermercados DIA,AR-B,-34.549221,-58.702522,15,5244
Día,Supermercados DIA,AR-B,-34.547302,-58.557606,15,5549
Día,Supermercados DIA,AR-B,-34.546947,-58.582493,15,1029
Día,Supermercados DIA,AR-B,-34.546940,-58.717003,15,5217
Día,Supermercados DIA,AR-B,-34.544655,-58.568523,15,160
Día,Supermercados DIA,AR-B,-34.544353,-58.712109,15,5510
Día,Supermercados DIA,AR-B,-34.543804,-58.634472,15,5474
Día,Supermercados DIA,AR-B,-34.540699,-58.710819,15,287
Día,Supermercados DIA,AR-B,-34.540585,-58.716217,15,5422
Día,Supermercados DIA,AR-B,-34.537621,-58.511715,15,57
Día,Supermercados DIA,AR-B,-34.537155,-58.719166,15,5245
Día,Supermercados DIA,AR-B,-34.536991,-58.577866,15,5551
Día,Supermercados DIA,AR-B,-34.533657,-58.557652,15,5534
Día,Supermercados DIA,AR-B,-34.532478,-58.575497,15,87
Día,Supermercados DIA,AR-B,-34.531891,-58.500389,15,5403
Día,Supermercados DIA,AR-B,-34.531731,-58.722107,15,102
Día,Supermercados DIA,AR-B,-34.531567,-58.526211,15,1004
Día,Supermercados DIA,AR-B,-34.531296,-58.555111,15,204
Día,Supermercados DIA,AR-B,-34.529240,-58.776615,15,5561
Día,Supermercados DIA,AR-B,-34.528614,-58.493141,15,84
Día,Supermercados DIA,AR-B,-34.526112,-58.519035,15,5134
Día,Supermercados DIA,AR-B,-34.525555,-58.482845,15,5307
Día,Supermercados DIA,AR-B,-34.524731,-58.547318,15,100
Día,Supermercados DIA,AR-B,-34.522896,-58.751278,15,338
Día,Supermercados DIA,AR-B,-34.521839,-58.739819,15,5449
Día,Supermercados DIA,AR-B,-34.521824,-58.787693,15,1040
Día,Supermercados DIA,AR-B,-34.518921,-58.560509,15,1008
Día,Supermercados DIA,AR-B,-34.518559,-58.500584,15,103
Día,Supermercados DIA,AR-B,-34.517513,-58.672230,15,5374
Día,Supermercados DIA,AR-B,-34.514175,-58.530518,15,1038
Día,Supermercados DIA,AR-B,-34.509872,-58.577560,15,158
Día,Supermercados DIA,AR-B,-34.509697,-58.729614,15,1037
Día,Supermercados DIA,AR-B,-34.508942,-58.491829,15,161
Día,Supermercados DIA,AR-B,-34.505169,-58.719269,15,5571
Día,Supermercados DIA,AR-B,-34.504513,-58.667110,15,132
Día,Supermercados DIA,AR-B,-34.502419,-58.764526,15,5499
Día,Supermercados DIA,AR-B,-34.501919,-58.667915,15,5476
Día,Supermercados DIA,AR-B,-34.501808,-58.680740,15,5421
Día,Supermercados DIA,AR-B,-34.500946,-58.691772,15,5260
Día,Supermercados DIA,AR-B,-34.499386,-58.695221,15,119
Día,Supermercados DIA,AR-B,-34.499249,-58.716324,15,5432
Día,Supermercados DIA,AR-B,-34.498299,-58.638996,15,101
Día,Supermercados DIA,AR-B,-34.497818,-58.489269,15,37
Día,Supermercados DIA,AR-B,-34.495262,-61.541840,15,571
Día,Supermercados DIA,AR-B,-34.494026,-58.704918,15,186
Día,Supermercados DIA,AR-B,-34.491596,-58.729553,15,5496
Día,Supermercados DIA,AR-B,-34.491348,-58.840305,15,113
Día,Supermercados DIA,AR-B,-34.490616,-59.077969,15,5377
Día,Supermercados DIA,AR-B,-34.490437,-58.624077,15,1030
Día,Supermercados DIA,AR-B,-34.488770,-58.724693,15,1003
Día,Supermercados DIA,AR-B,-34.485329,-58.729134,15,5473
Día,Supermercados DIA,AR-B,-34.483898,-58.724873,15,5123
Día,Supermercados DIA,AR-B,-34.483742,-58.783031,15,5567
Día,Supermercados DIA,AR-B,-34.472672,-58.762684,15,66
Día,Supermercados DIA,AR-B,-34.471870,-58.655602,15,5620
Día,Supermercados DIA,AR-B,-34.469292,-58.651222,15,270
Día,Supermercados DIA,AR-B,-34.466629,-58.645859,15,5545
Día,Supermercados DIA,AR-B,-34.466343,-58.584656,15,5507
Día,Supermercados DIA,AR-B,-34.461411,-58.775517,15,89
Día,Supermercados DIA,AR-B,-34.461311,-58.576408,15,5357
Día,Supermercados DIA,AR-B,-34.458946,-58.568741,15,156
Día,Supermercados DIA,AR-B,-34.457829,-58.629868,15,138
Día,Supermercados DIA,AR-B,-34.457500,-58.681648,15,125
Día,Supermercados DIA,AR-B,-34.453545,-58.649574,15,5386
Día,Supermercados DIA,AR-B,-34.452766,-58.907902,15,283
Día,Supermercados DIA,AR-B,-34.452343,-58.539547,15,146
Día,Supermercados DIA,AR-B,-34.451767,-58.797493,15,92
Día,Supermercados DIA,AR-B,-34.448063,-58.564095,15,598
Día,Supermercados DIA,AR-B,-34.446854,-58.547485,15,5433
Día,Supermercados DIA,AR-B,-34.442860,-59.446896,15,258
Día,Supermercados DIA,AR-B,-34.438007,-58.682346,15,5528
Día,Supermercados DIA,AR-B,-34.433483,-58.567722,15,5321
Día,Supermercados DIA,AR-B,-34.425571,-58.577034,15,171
Día,Supermercados DIA,AR-B,-34.421867,-58.741776,15,145
Día,Supermercados DIA,AR-B,-34.420818,-58.734810,15,5506
Día,Supermercados DIA,AR-B,-34.420540,-58.868763,15,187
Día,Supermercados DIA,AR-B,-34.419544,-58.728603,15,81
Día,Supermercados DIA,AR-B,-34.418457,-58.596024,15,264
Día,Supermercados DIA,AR-B,-34.413895,-58.605206,15,5301
Día,Supermercados DIA,AR-B,-34.410381,-58.686394,15,149
Día,Supermercados DIA,AR-B,-34.409351,-58.771732,15,179
Día,Supermercados DIA,AR-B,-34.391594,-58.738735,15,116
Día,Supermercados DIA,AR-B,-34.383804,-58.830139,15,137
Día,Supermercados DIA,AR-B,-34.380669,-59.822327,15,313
Día,Supermercados DIA,AR-B,-34.350060,-58.791458,15,1036
Día,Supermercados DIA,AR-B,-34.344429,-58.791622,15,194
Día,Supermercados DIA,AR-B,-34.299702,-60.242790,15,945
Día,Supermercados DIA,AR-B,-34.245831,-59.464058,15,675
Día,Supermercados DIA,AR-B,-34.197124,-60.737495,15,5195
Día,Supermercados DIA,AR-B,-34.195900,-60.732517,15,237
Día,Supermercados DIA,AR-B,-34.178768,-59.799351,15,5599
Día,Supermercados DIA,AR-B,-34.175739,-58.954151,15,5590
Día,Supermercados DIA,AR-B,-34.173214,-59.795795,15,222
Día,Supermercados DIA,AR-B,-34.164112,-58.957977,15,233
Día,Supermercados DIA,AR-B,-34.098034,-59.024441,15,216
Día,Supermercados DIA,AR-B,-34.061752,-60.104691,15,243
Día,Supermercados DIA,AR-B,-34.061546,-60.101513,15,5219
Día,Supermercados DIA,AR-B,-34.043819,-59.198059,15,5601
Día,Supermercados DIA,AR-B,-33.910759,-60.582951,15,5588
Día,Supermercados DIA,AR-B,-33.899330,-60.584091,15,5582
Día,Supermercados DIA,AR-B,-33.895401,-60.573410,15,5575
Día,Supermercados DIA,AR-B,-33.893990,-60.569073,15,234
Día,Supermercados DIA,AR-B,-33.893120,-61.102165,15,5187
Día,Supermercados DIA,AR-B,-33.689495,-59.674984,15,5180
Día,Supermercados DIA,AR-B,-33.681690,-59.666752,15,958
Día,Supermercados DIA,AR-B,-33.500145,-60.064987,15,5274
Día,Supermercados DIA,AR-B,-33.487564,-60.009449,15,5169
Día,Supermercados DIA,AR-B,-33.334602,-60.218899,15,280
Día,Supermercados DIA,AR-C,-34.693684,-58.466427,15,633
Día,Supermercados DIA,AR-C,-34.687172,-58.476986,15,32
Día,Supermercados DIA,AR-C,-34.685413,-58.474361,15,685
Día,Supermercados DIA,AR-C,-34.681007,-58.467957,15,1521
Día,Supermercados DIA,AR-C,-34.680607,-58.478596,15,531
Día,Supermercados DIA,AR-C,-34.678345,-58.487316,15,1066
Día,Supermercados DIA,AR-C,-34.677662,-58.475307,15,727
Día,Supermercados DIA,AR-C,-34.676689,-58.454441,15,793
Día,Supermercados DIA,AR-C,-34.676464,-58.493397,15,386
Día,Supermercados DIA,AR-C,-34.676041,-58.476181,15,47
Día,Supermercados DIA,AR-C,-34.674477,-58.471889,15,530
Día,Supermercados DIA,AR-C,-34.674370,-58.479935,15,551
Día,Supermercados DIA,AR-C,-34.673309,-58.485943,15,615
Día,Supermercados DIA,AR-C,-34.672817,-58.499439,15,1526
Día,Supermercados DIA,AR-C,-34.668423,-58.486858,15,404
Día,Supermercados DIA,AR-C,-34.668003,-58.506874,15,469
Día,Supermercados DIA,AR-C,-34.667469,-58.473454,15,85
Día,Supermercados DIA,AR-C,-34.665375,-58.442711,15,75
Día,Supermercados DIA,AR-C,-34.665169,-58.503349,15,1533
Día,Supermercados DIA,AR-C,-34.664398,-58.448959,15,356
Día,Supermercados DIA,AR-C,-34.663258,-58.488739,15,347
Día,Supermercados DIA,AR-C,-34.662712,-58.506603,15,740
Día,Supermercados DIA,AR-C,-34.662235,-58.439789,15,952
Día,Supermercados DIA,AR-C,-34.661320,-58.516304,15,702
Día,Supermercados DIA,AR-C,-34.661018,-58.483574,15,521
Día,Supermercados DIA,AR-C,-34.659477,-58.428638,15,377
Día,Supermercados DIA,AR-C,-34.659424,-58.476612,15,429
Día,Supermercados DIA,AR-C,-34.659134,-58.442379,15,720
Día,Supermercados DIA,AR-C,-34.657242,-58.509575,15,299
Día,Supermercados DIA,AR-C,-34.655434,-58.414154,15,1520
Día,Supermercados DIA,AR-C,-34.655281,-58.475903,15,1090
Día,Supermercados DIA,AR-C,-34.655216,-58.522392,15,306
Día,Supermercados DIA,AR-C,-34.655083,-58.495979,15,457
Día,Supermercados DIA,AR-C,-34.653561,-58.404484,15,697
Día,Supermercados DIA,AR-C,-34.653473,-58.388721,15,1086
Día,Supermercados DIA,AR-C,-34.653076,-58.481415,15,387
Día,Supermercados DIA,AR-C,-34.652409,-58.503361,15,46
Día,Supermercados DIA,AR-C,-34.651920,-58.414822,15,612
Día,Supermercados DIA,AR-C,-34.651711,-58.418030,15,336
Día,Supermercados DIA,AR-C,-34.651054,-58.471283,15,358
Día,Supermercados DIA,AR-C,-34.651054,-58.491154,15,447
Día,Supermercados DIA,AR-C,-34.650879,-58.515312,15,45
Día,Supermercados DIA,AR-C,-34.649887,-58.501270,15,721
Día,Supermercados DIA,AR-C,-34.649078,-58.379246,15,745
Día,Supermercados DIA,AR-C,-34.648685,-58.488419,15,136
Día,Supermercados DIA,AR-C,-34.647987,-58.521935,15,608
Día,Supermercados DIA,AR-C,-34.647980,-58.506329,15,1532
Día,Supermercados DIA,AR-C,-34.647575,-58.428471,15,642
Día,Supermercados DIA,AR-C,-34.647446,-58.376324,15,520
Día,Supermercados DIA,AR-C,-34.646767,-58.514008,15,411
Día,Supermercados DIA,AR-C,-34.646343,-58.467346,15,133
Día,Supermercados DIA,AR-C,-34.646240,-58.458889,15,1527
Día,Supermercados DIA,AR-C,-34.646221,-58.414440,15,1543
Día,Supermercados DIA,AR-C,-34.645779,-58.420357,15,1542
Día,Supermercados DIA,AR-C,-34.645374,-58.465164,15,682
Día,Supermercados DIA,AR-C,-34.644199,-58.498665,15,515
Día,Supermercados DIA,AR-C,-34.643654,-58.492714,15,56
Día,Supermercados DIA,AR-C,-34.643330,-58.485645,15,533
Día,Supermercados DIA,AR-C,-34.643223,-58.441807,15,1523
Día,Supermercados DIA,AR-C,-34.642956,-58.423542,15,749
Día,Supermercados DIA,AR-C,-34.642918,-58.397827,15,748
Día,Supermercados DIA,AR-C,-34.642727,-58.391369,15,938
Día,Supermercados DIA,AR-C,-34.642460,-58.438805,15,772
Día,Supermercados DIA,AR-C,-34.642437,-58.435890,15,368
Día,Supermercados DIA,AR-C,-34.642353,-58.526215,15,559
Día,Supermercados DIA,AR-C,-34.642342,-58.455521,15,205
Día,Supermercados DIA,AR-C,-34.641647,-58.488758,15,456
Día,Supermercados DIA,AR-C,-34.641251,-58.369076,15,360
Día,Supermercados DIA,AR-C,-34.641014,-58.428989,15,572
Día,Supermercados DIA,AR-C,-34.640835,-58.446682,15,649
Día,Supermercados DIA,AR-C,-34.640827,-58.425663,15,907
Día,Supermercados DIA,AR-C,-34.640759,-58.456776,15,684
Día,Supermercados DIA,AR-C,-34.640175,-58.481304,15,263
Día,Supermercados DIA,AR-C,-34.639893,-58.389912,15,555
Día,Supermercados DIA,AR-C,-34.639576,-58.527683,15,21
Día,Supermercados DIA,AR-C,-34.639507,-58.412140,15,930
Día,Supermercados DIA,AR-C,-34.639503,-58.421513,15,618
Día,Supermercados DIA,AR-C,-34.639442,-58.517021,15,953
Día,Supermercados DIA,AR-C,-34.639328,-58.512081,15,505
Día,Supermercados DIA,AR-C,-34.639294,-58.520687,15,709
Día,Supermercados DIA,AR-C,-34.638988,-58.362526,15,536
Día,Supermercados DIA,AR-C,-34.638538,-58.466030,15,628
Día,Supermercados DIA,AR-C,-34.638412,-58.505329,15,513
Día,Supermercados DIA,AR-C,-34.637993,-58.451847,15,737
Día,Supermercados DIA,AR-C,-34.637775,-58.424133,15,370
Día,Supermercados DIA,AR-C,-34.637600,-58.484264,15,620
Día,Supermercados DIA,AR-C,-34.637562,-58.431988,15,693
Día,Supermercados DIA,AR-C,-34.637539,-58.500172,15,91
Día,Supermercados DIA,AR-C,-34.637375,-58.369709,15,209
Día,Supermercados DIA,AR-C,-34.637230,-58.415775,15,403
Día,Supermercados DIA,AR-C,-34.636959,-58.404556,15,4
Día,Supermercados DIA,AR-C,-34.636745,-58.492626,15,686
Día,Supermercados DIA,AR-C,-34.636692,-58.461731,15,508
Día,Supermercados DIA,AR-C,-34.636253,-58.476799,15,741
Día,Supermercados DIA,AR-C,-34.635872,-58.360313,15,33
Día,Supermercados DIA,AR-C,-34.635544,-58.448376,15,262
Día,Supermercados DIA,AR-C,-34.635525,-58.488991,15,8
Día,Supermercados DIA,AR-C,-34.635220,-58.371166,15,657
Día,Supermercados DIA,AR-C,-34.635162,-58.438339,15,29
Día,Supermercados DIA,AR-C,-34.634403,-58.391453,15,142
Día,Supermercados DIA,AR-C,-34.633816,-58.436146,15,579
Día,Supermercados DIA,AR-C,-34.633770,-58.481659,15,383
Día,Supermercados DIA,AR-C,-34.633533,-58.410080,15,552
Día,Supermercados DIA,AR-C,-34.633316,-58.427341,15,448
Día,Supermercados DIA,AR-C,-34.633270,-58.477985,15,910
Día,Supermercados DIA,AR-C,-34.632717,-58.432587,15,647
Día,Supermercados DIA,AR-C,-34.632622,-58.406136,15,1531
Día,Supermercados DIA,AR-C,-34.632568,-58.462730,15,381
Día,Supermercados DIA,AR-C,-34.632217,-58.475113,15,27
Día,Supermercados DIA,AR-C,-34.632042,-58.360844,15,361
Día,Supermercados DIA,AR-C,-34.631580,-58.491985,15,630
Día,Supermercados DIA,AR-C,-34.631359,-58.524818,15,607
Día,Supermercados DIA,AR-C,-34.631096,-58.370468,15,703
Día,Supermercados DIA,AR-C,-34.630962,-58.471584,15,760
Día,Supermercados DIA,AR-C,-34.630894,-58.398441,15,1072
Día,Supermercados DIA,AR-C,-34.630627,-58.469231,15,390
Día,Supermercados DIA,AR-C,-34.630291,-58.417019,15,742
Día,Supermercados DIA,AR-C,-34.630226,-58.462879,15,1099
Día,Supermercados DIA,AR-C,-34.630165,-58.385590,15,363
Día,Supermercados DIA,AR-C,-34.630016,-58.487354,15,217
Día,Supermercados DIA,AR-C,-34.629906,-58.389191,15,409
Día,Supermercados DIA,AR-C,-34.629898,-58.495422,15,422
Día,Supermercados DIA,AR-C,-34.629852,-58.362850,15,11
Día,Supermercados DIA,AR-C,-34.629822,-58.398052,15,266
Día,Supermercados DIA,AR-C,-34.629761,-58.457287,15,619
Día,Supermercados DIA,AR-C,-34.629616,-58.425880,15,592
Día,Supermercados DIA,AR-C,-34.629105,-58.439518,15,547
Día,Supermercados DIA,AR-C,-34.628948,-58.464268,15,6
Día,Supermercados DIA,AR-C,-34.628735,-58.405357,15,663
Día,Supermercados DIA,AR-C,-34.628693,-58.388882,15,764
Día,Supermercados DIA,AR-C,-34.628620,-58.505856,15,379
Día,Supermercados DIA,AR-C,-34.628498,-58.401939,15,912
Día,Supermercados DIA,AR-C,-34.628376,-58.399277,15,754
Día,Supermercados DIA,AR-C,-34.628365,-58.383572,15,728
Día,Supermercados DIA,AR-C,-34.627853,-58.515644,15,1538
Día,Supermercados DIA,AR-C,-34.627804,-58.366913,15,708
Día,Supermercados DIA,AR-C,-34.627766,-58.433895,15,36
Día,Supermercados DIA,AR-C,-34.627365,-58.446625,15,208
Día,Supermercados DIA,AR-C,-34.627312,-58.428638,15,394
Día,Supermercados DIA,AR-C,-34.626774,-58.468922,15,774
Día,Supermercados DIA,AR-C,-34.626686,-58.424583,15,254
Día,Supermercados DIA,AR-C,-34.626499,-58.391304,15,614
Día,Supermercados DIA,AR-C,-34.626339,-58.378918,15,352
Día,Supermercados DIA,AR-C,-34.626286,-58.456989,15,389
Día,Supermercados DIA,AR-C,-34.626091,-58.450539,15,1098
Día,Supermercados DIA,AR-C,-34.625427,-58.509476,15,723
Día,Supermercados DIA,AR-C,-34.625233,-58.526688,15,529
Día,Supermercados DIA,AR-C,-34.625149,-58.372616,15,293
Día,Supermercados DIA,AR-C,-34.624897,-58.493855,15,60
Día,Supermercados DIA,AR-C,-34.624832,-58.367569,15,900
Día,Supermercados DIA,AR-C,-34.624706,-58.409737,15,124
Día,Supermercados DIA,AR-C,-34.624435,-58.434917,15,491
Día,Supermercados DIA,AR-C,-34.624340,-58.472523,15,13
Día,Supermercados DIA,AR-C,-34.624058,-58.405666,15,929
Día,Supermercados DIA,AR-C,-34.623672,-58.401470,15,5
Día,Supermercados DIA,AR-C,-34.623589,-58.416275,15,35
Día,Supermercados DIA,AR-C,-34.623550,-58.510796,15,20
Día,Supermercados DIA,AR-C,-34.623005,-58.461208,15,224
Día,Supermercados DIA,AR-C,-34.622883,-58.393185,15,271
Día,Supermercados DIA,AR-C,-34.622772,-58.481018,15,717
Día,Supermercados DIA,AR-C,-34.622765,-58.496521,15,461
Día,Supermercados DIA,AR-C,-34.622696,-58.431557,15,369
Día,Supermercados DIA,AR-C,-34.622280,-58.410954,15,766
Día,Supermercados DIA,AR-C,-34.622074,-58.383907,15,532
Día,Supermercados DIA,AR-C,-34.621876,-58.440754,15,214
Día,Supermercados DIA,AR-C,-34.621765,-58.398849,15,733
Día,Supermercados DIA,AR-C,-34.621719,-58.386036,15,911
Día,Supermercados DIA,AR-C,-34.621670,-58.422569,15,638
Día,Supermercados DIA,AR-C,-34.621574,-58.427860,15,16
Día,Supermercados DIA,AR-C,-34.621460,-58.389957,15,349
Día,Supermercados DIA,AR-C,-34.621098,-58.407436,15,557
Día,Supermercados DIA,AR-C,-34.620804,-58.418926,15,730
Día,Supermercados DIA,AR-C,-34.620720,-58.456310,15,698
Día,Supermercados DIA,AR-C,-34.620567,-58.412727,15,692
Día,Supermercados DIA,AR-C,-34.620541,-58.516533,15,700
Día,Supermercados DIA,AR-C,-34.620407,-58.526211,15,578
Día,Supermercados DIA,AR-C,-34.620323,-58.499725,15,561
Día,Supermercados DIA,AR-C,-34.619961,-58.432365,15,382
Día,Supermercados DIA,AR-C,-34.619617,-58.509357,15,753
Día,Supermercados DIA,AR-C,-34.619076,-58.372993,15,198
Día,Supermercados DIA,AR-C,-34.618786,-58.381767,15,673
Día,Supermercados DIA,AR-C,-34.618675,-58.404266,15,939
Día,Supermercados DIA,AR-C,-34.618412,-58.398396,15,1074
Día,Supermercados DIA,AR-C,-34.618271,-58.476017,15,391
Día,Supermercados DIA,AR-C,-34.618240,-58.469944,15,308
Día,Supermercados DIA,AR-C,-34.617935,-58.409058,15,921
Día,Supermercados DIA,AR-C,-34.617897,-58.465271,15,629
Día,Supermercados DIA,AR-C,-34.617836,-58.442551,15,241
Día,Supermercados DIA,AR-C,-34.617805,-58.502087,15,42
Día,Supermercados DIA,AR-C,-34.617764,-58.416893,15,485
Día,Supermercados DIA,AR-C,-34.617577,-58.377956,15,463
Día,Supermercados DIA,AR-C,-34.617359,-58.520218,15,634
Día,Supermercados DIA,AR-C,-34.617321,-58.391693,15,3
Día,Supermercados DIA,AR-C,-34.617035,-58.529057,15,751
Día,Supermercados DIA,AR-C,-34.616657,-58.385136,15,718
Día,Supermercados DIA,AR-C,-34.616470,-58.371490,15,591
Día,Supermercados DIA,AR-C,-34.616310,-58.422577,15,587
Día,Supermercados DIA,AR-C,-34.616081,-58.442562,15,1080
Día,Supermercados DIA,AR-C,-34.615997,-58.408295,15,58
Día,Supermercados DIA,AR-C,-34.615879,-58.483334,15,489
Día,Supermercados DIA,AR-C,-34.615711,-58.412567,15,935
Día,Supermercados DIA,AR-C,-34.615677,-58.448605,15,746
Día,Supermercados DIA,AR-C,-34.615627,-58.497314,15,678
Día,Supermercados DIA,AR-C,-34.615490,-58.437645,15,288
Día,Supermercados DIA,AR-C,-34.615093,-58.473400,15,752
Día,Supermercados DIA,AR-C,-34.614960,-58.416725,15,736
Día,Supermercados DIA,AR-C,-34.614788,-58.478714,15,50
Día,Supermercados DIA,AR-C,-34.614441,-58.460850,15,302
Día,Supermercados DIA,AR-C,-34.614029,-58.492931,15,49
Día,Supermercados DIA,AR-C,-34.614029,-58.404991,15,644
Día,Supermercados DIA,AR-C,-34.613632,-58.374664,15,421
Día,Supermercados DIA,AR-C,-34.613415,-58.503960,15,714
Día,Supermercados DIA,AR-C,-34.613033,-58.389339,15,909
Día,Supermercados DIA,AR-C,-34.612999,-58.368744,15,586
Día,Supermercados DIA,AR-C,-34.612793,-58.425419,15,436
Día,Supermercados DIA,AR-C,-34.612679,-58.391308,15,944
Día,Supermercados DIA,AR-C,-34.612560,-58.442265,15,1101
Día,Supermercados DIA,AR-C,-34.612392,-58.394711,15,303
Día,Supermercados DIA,AR-C,-34.612190,-58.469311,15,490
Día,Supermercados DIA,AR-C,-34.612133,-58.380074,15,631
Día,Supermercados DIA,AR-C,-34.611969,-58.527977,15,410
Día,Supermercados DIA,AR-C,-34.611889,-58.385284,15,713
Día,Supermercados DIA,AR-C,-34.611725,-58.433277,15,446
Día,Supermercados DIA,AR-C,-34.611687,-58.381836,15,493
Día,Supermercados DIA,AR-C,-34.611561,-58.373341,15,797
Día,Supermercados DIA,AR-C,-34.611301,-58.411751,15,782
Día,Supermercados DIA,AR-C,-34.611282,-58.474354,15,472
Día,Supermercados DIA,AR-C,-34.611210,-58.420391,15,705
Día,Supermercados DIA,AR-C,-34.611206,-58.451103,15,908
Día,Supermercados DIA,AR-C,-34.610931,-58.416809,15,189
Día,Supermercados DIA,AR-C,-34.610760,-58.481895,15,694
Día,Supermercados DIA,AR-C,-34.610607,-58.519535,15,707
Día,Supermercados DIA,AR-C,-34.610233,-58.409618,15,355
Día,Supermercados DIA,AR-C,-34.610146,-58.470524,15,791
Día,Supermercados DIA,AR-C,-34.610085,-58.387840,15,476
Día,Supermercados DIA,AR-C,-34.609833,-58.422462,15,769
Día,Supermercados DIA,AR-C,-34.609688,-58.507698,15,223
Día,Supermercados DIA,AR-C,-34.609459,-58.396133,15,481
Día,Supermercados DIA,AR-C,-34.609440,-58.386604,15,439
Día,Supermercados DIA,AR-C,-34.609184,-58.461819,15,371
Día,Supermercados DIA,AR-C,-34.608967,-58.441433,15,90
Día,Supermercados DIA,AR-C,-34.608574,-58.483673,15,946
Día,Supermercados DIA,AR-C,-34.608429,-58.424683,15,689
Día,Supermercados DIA,AR-C,-34.608185,-58.444454,15,588
Día,Supermercados DIA,AR-C,-34.608128,-58.376019,15,470
Día,Supermercados DIA,AR-C,-34.608002,-58.446236,15,919
Día,Supermercados DIA,AR-C,-34.607590,-58.391788,15,755
Día,Supermercados DIA,AR-C,-34.607529,-58.417038,15,901
Día,Supermercados DIA,AR-C,-34.607151,-58.448448,15,475
Día,Supermercados DIA,AR-C,-34.606747,-58.499851,15,790
Día,Supermercados DIA,AR-C,-34.606617,-58.431068,15,699
Día,Supermercados DIA,AR-C,-34.606434,-58.485596,15,218
Día,Supermercados DIA,AR-C,-34.605961,-58.491074,15,687
Día,Supermercados DIA,AR-C,-34.605843,-58.453384,15,52
Día,Supermercados DIA,AR-C,-34.605682,-58.463493,15,738
Día,Supermercados DIA,AR-C,-34.605675,-58.423344,15,768
Día,Supermercados DIA,AR-C,-34.605297,-58.474030,15,219
Día,Supermercados DIA,AR-C,-34.605186,-58.384781,15,261
Día,Supermercados DIA,AR-C,-34.604961,-58.420837,15,69
Día,Supermercados DIA,AR-C,-34.604797,-58.378315,15,454
Día,Supermercados DIA,AR-C,-34.604591,-58.472275,15,905
Día,Supermercados DIA,AR-C,-34.604511,-58.394958,15,164
Día,Supermercados DIA,AR-C,-34.604450,-58.493793,15,1102
Día,Supermercados DIA,AR-C,-34.604164,-58.458672,15,739
Día,Supermercados DIA,AR-C,-34.604012,-58.407322,15,767
Día,Supermercados DIA,AR-C,-34.603985,-58.414886,15,344
Día,Supermercados DIA,AR-C,-34.603977,-58.440346,15,511
Día,Supermercados DIA,AR-C,-34.603653,-58.405235,15,384
Día,Supermercados DIA,AR-C,-34.603424,-58.363495,15,484
Día,Supermercados DIA,AR-C,-34.603401,-58.410080,15,397
Día,Supermercados DIA,AR-C,-34.603359,-58.444862,15,627
Día,Supermercados DIA,AR-C,-34.603355,-58.418823,15,440
Día,Supermercados DIA,AR-C,-34.603149,-58.385227,15,544
Día,Supermercados DIA,AR-C,-34.603123,-58.463753,15,24
Día,Supermercados DIA,AR-C,-34.602730,-58.494949,15,923
Día,Supermercados DIA,AR-C,-34.602604,-58.370689,15,789
Día,Supermercados DIA,AR-C,-34.602478,-58.428185,15,7
Día,Supermercados DIA,AR-C,-34.602173,-58.376724,15,400
Día,Supermercados DIA,AR-C,-34.601677,-58.397106,15,455
Día,Supermercados DIA,AR-C,-34.601173,-58.412807,15,528
Día,Supermercados DIA,AR-C,-34.601131,-58.406986,15,581
Día,Supermercados DIA,AR-C,-34.600967,-58.435513,15,431
Día,Supermercados DIA,AR-C,-34.600868,-58.373188,15,465
Día,Supermercados DIA,AR-C,-34.600201,-58.439865,15,761
Día,Supermercados DIA,AR-C,-34.599850,-58.379654,15,464
Día,Supermercados DIA,AR-C,-34.599350,-58.392017,15,704
Día,Supermercados DIA,AR-C,-34.599331,-58.480488,15,560
Día,Supermercados DIA,AR-C,-34.599152,-58.491222,15,672
Día,Supermercados DIA,AR-C,-34.599121,-58.491222,15,671
Día,Supermercados DIA,AR-C,-34.598953,-58.386436,15,716
Día,Supermercados DIA,AR-C,-34.598728,-58.438698,15,916
Día,Supermercados DIA,AR-C,-34.598419,-58.446236,15,540
Día,Supermercados DIA,AR-C,-34.597832,-58.442371,15,396
Día,Supermercados DIA,AR-C,-34.597778,-58.420502,15,563
Día,Supermercados DIA,AR-C,-34.597668,-58.378185,15,415
Día,Supermercados DIA,AR-C,-34.597458,-58.426758,15,795
Día,Supermercados DIA,AR-C,-34.597267,-58.403004,15,787
Día,Supermercados DIA,AR-C,-34.597157,-58.424618,15,359
Día,Supermercados DIA,AR-C,-34.597137,-58.497643,15,1
Día,Supermercados DIA,AR-C,-34.597103,-58.394787,15,268
Día,Supermercados DIA,AR-C,-34.597076,-58.387772,15,301
Día,Supermercados DIA,AR-C,-34.597023,-58.433647,15,943
Día,Supermercados DIA,AR-C,-34.596806,-58.385506,15,904
Día,Supermercados DIA,AR-C,-34.596237,-58.411594,15,346
Día,Supermercados DIA,AR-C,-34.595192,-58.380486,15,497
Día,Supermercados DIA,AR-C,-34.594997,-58.419689,15,168
Día,Supermercados DIA,AR-C,-34.594593,-58.405350,15,321
Día,Supermercados DIA,AR-C,-34.594349,-58.396202,15,679
Día,Supermercados DIA,AR-C,-34.594326,-58.445911,15,915
Día,Supermercados DIA,AR-C,-34.593582,-58.430573,15,527
Día,Supermercados DIA,AR-C,-34.593456,-58.392670,15,668
Día,Supermercados DIA,AR-C,-34.593365,-58.384228,15,670
Día,Supermercados DIA,AR-C,-34.592594,-58.413769,15,777
Día,Supermercados DIA,AR-C,-34.592083,-58.411854,15,307
Día,Supermercados DIA,AR-C,-34.591949,-58.398354,15,304
Día,Supermercados DIA,AR-C,-34.591885,-58.447460,15,115
Día,Supermercados DIA,AR-C,-34.591694,-58.512054,15,743
Día,Supermercados DIA,AR-C,-34.591122,-58.497833,15,316
Día,Supermercados DIA,AR-C,-34.590801,-58.435307,15,239
Día,Supermercados DIA,AR-C,-34.590569,-58.424431,15,408
Día,Supermercados DIA,AR-C,-34.590034,-58.495792,15,786
Día,Supermercados DIA,AR-C,-34.589958,-58.516716,15,570
Día,Supermercados DIA,AR-C,-34.589813,-58.388664,15,658
Día,Supermercados DIA,AR-C,-34.589371,-58.446293,15,478
Día,Supermercados DIA,AR-C,-34.589222,-58.383400,15,500
Día,Supermercados DIA,AR-C,-34.589085,-58.437241,15,757
Día,Supermercados DIA,AR-C,-34.588139,-58.485664,15,1524
Día,Supermercados DIA,AR-C,-34.588070,-58.420586,15,272
Día,Supermercados DIA,AR-C,-34.587849,-58.427021,15,466
Día,Supermercados DIA,AR-C,-34.587715,-58.453011,15,747
Día,Supermercados DIA,AR-C,-34.587662,-58.504513,15,706
Día,Supermercados DIA,AR-C,-34.587437,-58.395142,15,758
Día,Supermercados DIA,AR-C,-34.587376,-58.492798,15,365
Día,Supermercados DIA,AR-C,-34.587227,-58.482178,15,242
Día,Supermercados DIA,AR-C,-34.586926,-58.511108,15,956
Día,Supermercados DIA,AR-C,-34.586529,-58.471107,15,920
Día,Supermercados DIA,AR-C,-34.586304,-58.410969,15,284
Día,Supermercados DIA,AR-C,-34.586182,-58.401505,15,290
Día,Supermercados DIA,AR-C,-34.586124,-58.442219,15,424
Día,Supermercados DIA,AR-C,-34.585594,-58.453552,15,206
Día,Supermercados DIA,AR-C,-34.585472,-58.436600,15,690
Día,Supermercados DIA,AR-C,-34.585426,-58.500137,15,712
Día,Supermercados DIA,AR-C,-34.585140,-58.503143,15,639
Día,Supermercados DIA,AR-C,-34.584797,-58.462929,15,942
Día,Supermercados DIA,AR-C,-34.584698,-58.441132,15,934
Día,Supermercados DIA,AR-C,-34.583893,-58.445995,15,502
Día,Supermercados DIA,AR-C,-34.583694,-58.467525,15,420
Día,Supermercados DIA,AR-C,-34.583122,-58.498051,15,31
Día,Supermercados DIA,AR-C,-34.583038,-58.476677,15,418
Día,Supermercados DIA,AR-C,-34.582714,-58.436050,15,427
Día,Supermercados DIA,AR-C,-34.582512,-58.451500,15,785
Día,Supermercados DIA,AR-C,-34.582306,-58.471611,15,501
Día,Supermercados DIA,AR-C,-34.582264,-58.420258,15,562
Día,Supermercados DIA,AR-C,-34.581692,-58.422325,15,252
Día,Supermercados DIA,AR-C,-34.581436,-58.442963,15,468
Día,Supermercados DIA,AR-C,-34.581169,-58.493252,15,567
Día,Supermercados DIA,AR-C,-34.580357,-58.472992,15,354
Día,Supermercados DIA,AR-C,-34.580212,-58.410099,15,523
Día,Supermercados DIA,AR-C,-34.579952,-58.450935,15,788
Día,Supermercados DIA,AR-C,-34.579758,-58.482059,15,597
Día,Supermercados DIA,AR-C,-34.579556,-58.477043,15,65
Día,Supermercados DIA,AR-C,-34.579540,-58.431038,15,395
Día,Supermercados DIA,AR-C,-34.579533,-58.500626,15,731
Día,Supermercados DIA,AR-C,-34.579449,-58.454189,15,350
Día,Supermercados DIA,AR-C,-34.579056,-58.424915,15,1091
Día,Supermercados DIA,AR-C,-34.578468,-58.463482,15,291
Día,Supermercados DIA,AR-C,-34.578148,-58.468021,15,661
Día,Supermercados DIA,AR-C,-34.578033,-58.473225,15,783
Día,Supermercados DIA,AR-C,-34.577827,-58.449043,15,691
Día,Supermercados DIA,AR-C,-34.577358,-58.510254,15,696
Día,Supermercados DIA,AR-C,-34.577335,-58.503204,15,245
Día,Supermercados DIA,AR-C,-34.577267,-58.405979,15,537
Día,Supermercados DIA,AR-C,-34.577198,-58.459965,15,414
Día,Supermercados DIA,AR-C,-34.577148,-58.438976,15,735
Día,Supermercados DIA,AR-C,-34.576672,-58.431564,15,300
Día,Supermercados DIA,AR-C,-34.576042,-58.507298,15,558
Día,Supermercados DIA,AR-C,-34.575672,-58.451904,15,459
Día,Supermercados DIA,AR-C,-34.575111,-58.490425,15,931
Día,Supermercados DIA,AR-C,-34.575020,-58.483318,15,366
Día,Supermercados DIA,AR-C,-34.574848,-58.434799,15,794
Día,Supermercados DIA,AR-C,-34.573807,-58.497883,15,568
Día,Supermercados DIA,AR-C,-34.573303,-58.422070,15,402
Día,Supermercados DIA,AR-C,-34.572872,-58.483723,15,734
Día,Supermercados DIA,AR-C,-34.572758,-58.488327,15,412
Día,Supermercados DIA,AR-C,-34.572601,-58.430332,15,507
Día,Supermercados DIA,AR-C,-34.572090,-58.446491,15,756
Día,Supermercados DIA,AR-C,-34.572029,-58.477695,15,535
Día,Supermercados DIA,AR-C,-34.571815,-58.505974,15,364
Día,Supermercados DIA,AR-C,-34.571640,-58.483200,15,435
Día,Supermercados DIA,AR-C,-34.570156,-58.450161,15,467
Día,Supermercados DIA,AR-C,-34.569839,-58.432274,15,378
Día,Supermercados DIA,AR-C,-34.569412,-58.477917,15,108
Día,Supermercados DIA,AR-C,-34.568867,-58.448009,15,784
Día,Supermercados DIA,AR-C,-34.568550,-58.492863,15,117
Día,Supermercados DIA,AR-C,-34.567680,-58.442825,15,428
Día,Supermercados DIA,AR-C,-34.567245,-58.450214,15,417
Día,Supermercados DIA,AR-C,-34.566772,-58.433563,15,286
Día,Supermercados DIA,AR-C,-34.566132,-58.479530,15,669
Día,Supermercados DIA,AR-C,-34.566055,-58.454136,15,197
Día,Supermercados DIA,AR-C,-34.565361,-58.483292,15,488
Día,Supermercados DIA,AR-C,-34.565357,-58.461342,15,1097
Día,Supermercados DIA,AR-C,-34.564957,-58.440430,15,936
Día,Supermercados DIA,AR-C,-34.564358,-58.439938,15,451
Día,Supermercados DIA,AR-C,-34.563732,-58.456730,15,407
Día,Supermercados DIA,AR-C,-34.563175,-58.490730,15,574
Día,Supermercados DIA,AR-C,-34.561901,-58.468800,15,611
Día,Supermercados DIA,AR-C,-34.560856,-58.463173,15,487
Día,Supermercados DIA,AR-C,-34.560627,-58.460709,15,324
Día,Supermercados DIA,AR-C,-34.560097,-58.471416,15,337
Día,Supermercados DIA,AR-C,-34.559628,-58.485878,15,641
Día,Supermercados DIA,AR-C,-34.559498,-58.454590,15,269
Día,Supermercados DIA,AR-C,-34.558540,-58.460300,15,413
Día,Supermercados DIA,AR-C,-34.558079,-58.466999,15,393
Día,Supermercados DIA,AR-C,-34.556816,-58.478989,15,522
Día,Supermercados DIA,AR-C,-34.556725,-58.461952,15,711
Día,Supermercados DIA,AR-C,-34.555584,-58.455402,15,274
Día,Supermercados DIA,AR-C,-34.555492,-58.492611,15,710
Día,Supermercados DIA,AR-C,-34.555099,-58.479893,15,771
Día,Supermercados DIA,AR-C,-34.554867,-58.470032,15,573
Día,Supermercados DIA,AR-C,-34.553207,-58.464741,15,375
Día,Supermercados DIA,AR-C,-34.553082,-58.488972,15,430
Día,Supermercados DIA,AR-C,-34.552116,-58.498413,15,480
Día,Supermercados DIA,AR-C,-34.552013,-58.473660,15,317
Día,Supermercados DIA,AR-C,-34.551453,-58.466766,15,1100
Día,Supermercados DIA,AR-C,-34.551273,-58.487179,15,498
Día,Supermercados DIA,AR-C,-34.550087,-58.463928,15,109
Día,Supermercados DIA,AR-C,-34.548248,-58.466911,15,486
Día,Supermercados DIA,AR-C,-34.547955,-58.468990,15,277
Día,Supermercados DIA,AR-C,-34.545925,-58.462719,15,796
Día,Supermercados DIA,AR-C,-34.544865,-58.476376,15,576
Día,Supermercados DIA,AR-C,-34.542076,-58.473362,15,111
Día,Supermercados DIA,AR-C,-34.539986,-58.475788,15,763
Día,Supermercados DIA,AR-C,-34.072540,-58.478249,15,776
Día,Supermercados DIA,AR-E,-33.149666,-59.316711,15,1043
Día,Supermercados DIA,AR-E,-33.135780,-59.314407,15,1502
Día,Supermercados DIA,AR-E,-33.036743,-58.998131,15,564
Día,Supermercados DIA,AR-E,-33.016617,-58.528797,15,6064
Día,Supermercados DIA,AR-E,-33.007111,-58.511932,15,305
Día,Supermercados DIA,AR-E,-33.006973,-58.537418,15,6063
Día,Supermercados DIA,AR-E,-32.723682,-59.396034,15,6061
Día,Supermercados DIA,AR-E,-32.622025,-60.157070,15,323
Día,Supermercados DIA,AR-E,-32.483822,-58.233028,15,1055
Día,Supermercados DIA,AR-E,-32.482578,-58.227489,15,5576
Día,Supermercados DIA,AR-E,-32.397118,-59.792152,15,320
Día,Supermercados DIA,AR-E,-32.370071,-58.876270,15,6067
Día,Supermercados DIA,AR-E,-32.301800,-59.138836,15,325
Día,Supermercados DIA,AR-E,-32.225273,-58.145458,15,319
Día,Supermercados DIA,AR-E,-32.219002,-58.148277,15,1508
Día,Supermercados DIA,AR-E,-32.214760,-58.222027,15,326
Día,Supermercados DIA,AR-E,-32.172916,-60.200584,15,1518
Día,Supermercados DIA,AR-E,-32.160072,-58.402912,15,327
Día,Supermercados DIA,AR-E,-32.070469,-60.637657,15,495
Día,Supermercados DIA,AR-E,-32.069710,-60.637871,15,1516
Día,Supermercados DIA,AR-E,-32.036205,-60.308697,15,1503
Día,Supermercados DIA,AR-E,-32.029751,-60.308533,15,593
Día,Supermercados DIA,AR-E,-31.955210,-60.125893,15,677
Día,Supermercados DIA,AR-E,-31.870218,-60.008518,15,442
Día,Supermercados DIA,AR-E,-31.869661,-59.028481,15,6047
Día,Supermercados DIA,AR-E,-31.855743,-59.027233,15,1044
Día,Supermercados DIA,AR-E,-31.828075,-60.517673,15,655
Día,Supermercados DIA,AR-E,-31.773861,-60.500347,15,625
Día,Supermercados DIA,AR-E,-31.773399,-60.521198,15,5577
Día,Supermercados DIA,AR-E,-31.768900,-60.433338,15,584
Día,Supermercados DIA,AR-E,-31.768024,-60.523663,15,556
Día,Supermercados DIA,AR-E,-31.765060,-60.499191,15,589
Día,Supermercados DIA,AR-E,-31.763742,-60.412964,15,443
Día,Supermercados DIA,AR-E,-31.761705,-60.511166,15,654
Día,Supermercados DIA,AR-E,-31.759480,-60.527699,15,1061
Día,Supermercados DIA,AR-E,-31.757698,-60.487083,15,626
Día,Supermercados DIA,AR-E,-31.755047,-60.509048,15,432
Día,Supermercados DIA,AR-E,-31.752516,-60.496365,15,534
Día,Supermercados DIA,AR-E,-31.751415,-60.502861,15,624
Día,Supermercados DIA,AR-E,-31.749002,-60.519333,15,518
Día,Supermercados DIA,AR-E,-31.747482,-60.495453,15,621
Día,Supermercados DIA,AR-E,-31.743916,-60.509476,15,433
Día,Supermercados DIA,AR-E,-31.741699,-60.539829,15,550
Día,Supermercados DIA,AR-E,-31.741220,-60.523476,15,659
Día,Supermercados DIA,AR-E,-31.738722,-60.517162,15,524
Día,Supermercados DIA,AR-E,-31.736353,-60.494335,15,539
Día,Supermercados DIA,AR-E,-31.735760,-60.528419,15,609
Día,Supermercados DIA,AR-E,-31.734236,-60.547348,15,434
Día,Supermercados DIA,AR-E,-31.733053,-60.515308,15,1050
Día,Supermercados DIA,AR-E,-31.730358,-60.520138,15,635
Día,Supermercados DIA,AR-E,-31.725624,-60.538902,15,664
Día,Supermercados DIA,AR-E,-31.725033,-60.514317,15,600
Día,Supermercados DIA,AR-E,-31.660324,-59.914562,15,594
Día,Supermercados DIA,AR-E,-31.626690,-58.507771,15,6058
Día,Supermercados DIA,AR-E,-31.395144,-58.012917,15,1501
Día,Supermercados DIA,AR-E,-31.390211,-58.024307,15,1045
Día,Supermercados DIA,AR-E,-31.388956,-58.015221,15,6040
Día,Supermercados DIA,AR-E,-31.382269,-58.014362,15,1056
Día,Supermercados DIA,AR-E,-31.231413,-59.987267,15,590
Día,Supermercados DIA,AR-E,-30.985037,-57.919842,15,1504
Día,Supermercados DIA,AR-E,-30.956411,-58.781227,15,1506
Día,Supermercados DIA,AR-E,-30.945780,-58.788319,15,549
Día,Supermercados DIA,AR-E,-30.761145,-57.996407,15,1046
Día,Supermercados DIA,AR-E,-30.744946,-59.644535,15,1054
Día,Supermercados DIA,AR-E,-30.386162,-58.748825,15,553
Día,Supermercados DIA,AR-J,-24.443342,-65.167397,15,823
Día,Supermercados DIA,AR-J,-24.387604,-65.264870,15,8018
Día,Supermercados DIA,AR-J,-24.377394,-65.118996,15,1808
Día,Supermercados DIA,AR-J,-24.252254,-65.205414,15,1807
Día,Supermercados DIA,AR-J,-24.196581,-65.309280,15,1806
Día,Supermercados DIA,AR-J,-24.194391,-65.289650,15,809
Día,Supermercados DIA,AR-S,-34.002525,-61.609768,15,6052
Día,Supermercados DIA,AR-S,-33.750000,-61.965641,15,244
Día,Supermercados DIA,AR-S,-33.459793,-61.488449,15,225
Día,Supermercados DIA,AR-S,-33.242893,-60.317944,15,6017
Día,Supermercados DIA,AR-S,-33.225441,-60.332344,15,211
Día,Supermercados DIA,AR-S,-33.156124,-60.512711,15,282
Día,Supermercados DIA,AR-S,-32.920925,-60.812214,15,438
Día,Supermercados DIA,AR-S,-32.889057,-60.724495,15,6045
Día,Supermercados DIA,AR-S,-31.665340,-60.765381,15,1068
Día,Supermercados DIA,AR-S,-31.649563,-60.710606,15,1059
Día,Supermercados DIA,AR-W,-30.250668,-57.639420,15,1063
Día,Supermercados DIA,AR-W,-30.018450,-59.531570,15,947
Día,Supermercados DIA,AR-W,-29.791304,-58.055256,15,1064
Día,Supermercados DIA,AR-W,-29.779472,-58.073936,15,575
Día,Supermercados DIA,AR-W,-29.712736,-57.088783,15,1089
Día,Supermercados DIA,AR-W,-29.180941,-58.079052,15,1073
Día,Supermercados DIA,AR-W,-29.180502,-58.092937,15,651
Día,Supermercados DIA,AR-W,-29.145208,-59.262505,15,1069
Día,Supermercados DIA,AR-W,-28.986113,-59.103088,15,582
Día,Supermercados DIA,AR-W,-28.574823,-58.710842,15,602
Día,Supermercados DIA,AR-W,-28.512300,-59.042919,15,1077
Día,Supermercados DIA,AR-W,-28.254288,-58.628391,15,610
Día,Supermercados DIA,AR-W,-27.954063,-58.808407,15,604
Día,Supermercados DIA,AR-W,-27.466137,-58.788067,15,623
Día,Supermercados DIA,AR-W,-27.317844,-58.571671,15,632
Día,Supermercados DIA,AR-X,-32.426197,-63.738308,15,1513
Día,Supermercados DIA,AR-X,-32.407841,-63.248543,15,1060
Día,Supermercados DIA,AR-X,-31.915190,-63.679291,15,1515
Día,Supermercados DIA,Buenos Aires,-34.573605,-58.423233,15,90000
Vea,Vea,AR-A,-24.841400,-65.433098,9,656
Vea,Vea,AR-A,-24.798100,-65.416801,9,64
Vea,Vea,AR-A,-24.795799,-65.405602,9,980
Vea,Vea,AR-A,-24.793900,-65.414200,9,731
Vea,Vea,AR-A,-24.790300,-65.411797,9,658
Vea,Vea,AR-A,-24.784599,-65.409897,9,40
Vea,Vea,AR-A,-24.776699,-65.414803,9,657
Vea,Vea,AR-A,-24.772600,-65.412903,9,5251
Vea,Vea,AR-A,-24.758101,-65.398598,9,110
Vea,Vea,AR-A,-24.729799,-65.412697,9,655
Vea,Vea,AR-A,-23.130800,-64.326103,9,140
Vea,Vea,AR-B,-38.730099,-62.250198,9,122
Vea,Vea,AR-B,-38.708099,-62.268600,9,127
Vea,Vea,AR-B,-38.561100,-58.730499,9,51
Vea,Vea,AR-B,-38.377300,-60.272701,9,704
Vea,Vea,AR-B,-38.266300,-57.843201,9,983
Vea,Vea,AR-B,-38.046902,-57.553501,9,241
Vea,Vea,AR-B,-38.024399,-57.565899,9,55
Vea,Vea,AR-B,-38.012901,-57.543598,9,231
Vea,Vea,AR-B,-38.012600,-57.565201,9,942
Vea,Vea,AR-B,-38.007198,-57.551399,9,59
Vea,Vea,AR-B,-38.001598,-57.550201,9,57
Vea,Vea,AR-B,-37.992199,-57.558701,9,56
Vea,Vea,AR-B,-37.959999,-57.566799,9,58
Vea,Vea,AR-B,-37.327000,-59.132599,9,711
Vea,Vea,AR-B,-37.263599,-56.976601,9,50
Vea,Vea,AR-B,-37.261101,-56.986900,9,45
Vea,Vea,AR-B,-37.108200,-56.873100,9,49
Vea,Vea,AR-B,-36.688202,-56.683498,9,248
Vea,Vea,AR-B,-36.358799,-56.718601,9,52
Vea,Vea,AR-B,-35.638802,-59.776199,9,677
Vea,Vea,AR-B,-35.050201,-58.756100,9,703
Vea,Vea,AR-B,-34.936199,-57.934399,9,636
Vea,Vea,AR-B,-34.934898,-57.975700,9,42
Vea,Vea,AR-B,-34.916801,-57.956200,9,640
Vea,Vea,AR-B,-34.915401,-57.942101,9,62
Vea,Vea,AR-B,-34.906799,-57.950600,9,36
Vea,Vea,AR-B,-34.895500,-57.980099,9,633
Vea,Vea,AR-B,-34.894001,-60.017502,9,8
Vea,Vea,AR-B,-34.881901,-58.054401,9,111
Vea,Vea,AR-B,-34.854599,-58.504700,9,740
Vea,Vea,AR-B,-34.812099,-58.451099,9,698
Vea,Vea,AR-B,-34.799301,-58.405300,9,37
Vea,Vea,AR-B,-34.793201,-58.414001,9,5204
Vea,Vea,AR-B,-34.763802,-58.399502,9,9
Vea,Vea,AR-B,-34.758801,-58.280499,9,5207
Vea,Vea,AR-B,-34.738998,-58.408401,9,112
Vea,Vea,AR-B,-34.728199,-58.250999,9,5034
Vea,Vea,AR-B,-34.703098,-58.393902,9,20
Vea,Vea,AR-B,-34.692600,-58.501598,9,944
Vea,Vea,AR-B,-34.691399,-58.391399,9,692
Vea,Vea,AR-B,-34.673302,-58.724602,9,159
Vea,Vea,AR-B,-34.665699,-58.697102,9,150
Vea,Vea,AR-B,-34.653702,-58.623100,9,154
Vea,Vea,AR-B,-34.653301,-59.432701,9,165
Vea,Vea,AR-B,-34.649101,-58.656101,9,156
Vea,Vea,AR-B,-34.648800,-58.612598,9,153
Vea,Vea,AR-B,-34.641998,-58.570202,9,152
Vea,Vea,AR-B,-34.635300,-58.791000,9,161
Vea,Vea,AR-B,-34.633801,-58.628502,9,5208
Vea,Vea,AR-B,-34.610600,-58.560799,9,234
Vea,Vea,AR-B,-34.594700,-60.947399,9,767
Vea,Vea,AR-B,-34.583199,-60.956501,9,912
Vea,Vea,AR-B,-34.563301,-58.558498,9,5205
Vea,Vea,AR-B,-34.562302,-59.119900,9,162
Vea,Vea,AR-B,-34.560799,-58.678501,9,163
Vea,Vea,AR-B,-34.520100,-58.487701,9,4
Vea,Vea,AR-B,-34.508400,-58.522701,9,5202
Vea,Vea,AR-B,-34.508099,-58.477100,9,5275
Vea,Vea,AR-B,-34.476898,-58.573299,9,235
Vea,Vea,AR-B,-34.474499,-58.625702,9,5626
Vea,Vea,AR-B,-34.471298,-58.517899,9,1
Vea,Vea,AR-B,-34.456600,-58.625900,9,697
Vea,Vea,AR-B,-34.446899,-58.545700,9,628
Vea,Vea,AR-B,-34.446301,-58.744999,9,61
Vea,Vea,AR-B,-34.442699,-58.873100,9,5211
Vea,Vea,AR-B,-34.436001,-58.807999,9,662
Vea,Vea,AR-B,-34.400501,-58.654800,9,138
Vea,Vea,AR-B,-34.357800,-58.795101,9,5214
Vea,Vea,AR-B,-34.196098,-60.733898,9,668
Vea,Vea,AR-B,-33.898800,-60.576302,9,669
Vea,Vea,AR-C,-34.674599,-58.462799,9,5201
Vea,Vea,AR-C,-34.638199,-58.378799,9,741
Vea,Vea,AR-C,-34.629501,-58.447800,9,701
Vea,Vea,AR-C,-34.628201,-58.460800,9,3
Vea,Vea,AR-C,-34.624500,-58.406601,9,696
Vea,Vea,AR-C,-34.622101,-58.436798,9,247
Vea,Vea,AR-C,-34.621601,-58.427799,9,240
Vea,Vea,AR-C,-34.619202,-58.361500,9,5213
Vea,Vea,AR-C,-34.617199,-58.435001,9,30
Vea,Vea,AR-C,-34.614799,-58.434898,9,119
Vea,Vea,AR-C,-34.614700,-58.435001,9,121
Vea,Vea,AR-C,-34.610600,-58.440102,9,5260
Vea,Vea,AR-C,-34.609600,-58.467499,9,5263
Vea,Vea,AR-C,-34.603298,-58.426399,9,48
Vea,Vea,AR-C,-34.600201,-58.504002,9,237
Vea,Vea,AR-C,-34.599998,-58.431198,9,5231
Vea,Vea,AR-C,-34.599201,-58.419899,9,19
Vea,Vea,AR-C,-34.598499,-58.403198,9,10
Vea,Vea,AR-C,-34.596401,-58.387600,9,2
Vea,Vea,AR-C,-34.596401,-58.390202,9,137
Vea,Vea,AR-C,-34.594101,-58.379101,9,5276
Vea,Vea,AR-C,-34.593800,-58.398899,9,35
Vea,Vea,AR-C,-34.592999,-58.392601,9,25
Vea,Vea,AR-C,-34.591801,-58.379299,9,46
Vea,Vea,AR-C,-34.591000,-58.410500,9,22
Vea,Vea,AR-C,-34.589699,-58.388599,9,18
Vea,Vea,AR-C,-34.586800,-58.410900,9,23
Vea,Vea,AR-C,-34.585899,-58.407398,9,39
Vea,Vea,AR-C,-34.584702,-58.468498,9,5259
Vea,Vea,AR-C,-34.583599,-58.448601,9,700
Vea,Vea,AR-C,-34.580101,-58.409199,9,15
Vea,Vea,AR-C,-34.577202,-58.430000,9,5961
Vea,Vea,AR-C,-34.574501,-58.427200,9,5206
Vea,Vea,AR-C,-34.572899,-58.461399,9,54
Vea,Vea,AR-C,-34.569599,-58.473000,9,107
Vea,Vea,AR-C,-34.565498,-58.436798,9,916
Vea,Vea,AR-C,-34.564602,-58.451698,9,977
Vea,Vea,AR-C,-34.562199,-58.454601,9,38
Vea,Vea,AR-C,-34.560902,-58.452000,9,12
Vea,Vea,AR-C,-34.560799,-58.449902,9,14
Vea,Vea,AR-D,-33.680599,-65.463997,9,423
Vea,Vea,AR-D,-33.306499,-66.323601,9,860
Vea,Vea,AR-D,-33.296799,-66.338997,9,853
Vea,Vea,AR-E,-33.010601,-58.527901,9,686
Vea,Vea,AR-E,-31.755100,-60.499298,9,943
Vea,Vea,AR-E,-31.384399,-58.021198,9,854
Vea,Vea,AR-E,-30.762501,-57.993900,9,685
Vea,Vea,AR-F,-29.429501,-66.854103,9,708
Vea,Vea,AR-F,-29.401800,-66.853104,9,705
Vea,Vea,AR-G,-27.788601,-64.261200,9,887
Vea,Vea,AR-G,-27.778601,-64.257797,9,13
Vea,Vea,AR-G,-27.729799,-64.243599,9,730
Vea,Vea,AR-H,-27.455099,-58.991299,9,674
Vea,Vea,AR-J,-31.566700,-68.532303,9,815
Vea,Vea,AR-J,-31.538900,-68.555603,9,413
Vea,Vea,AR-J,-31.535801,-68.514198,9,415
Vea,Vea,AR-J,-31.535700,-68.524399,9,417
Vea,Vea,AR-J,-31.530899,-68.521004,9,194
Vea,Vea,AR-J,-31.529200,-68.587700,9,544
Vea,Vea,AR-J,-31.527800,-68.567101,9,193
Vea,Vea,AR-J,-31.523500,-68.536499,9,408
Vea,Vea,AR-J,-31.517200,-68.525902,9,410
Vea,Vea,AR-K,-28.472601,-65.778198,9,769
Vea,Vea,AR-K,-28.465000,-65.801201,9,550
Vea,Vea,AR-K,-28.460300,-65.772797,9,243
Vea,Vea,AR-K,-28.448000,-65.718697,9,242
Vea,Vea,AR-M,-35.475201,-69.591599,9,914
Vea,Vea,AR-M,-34.966599,-67.699997,9,803
Vea,Vea,AR-M,-34.624199,-68.333900,9,868
Vea,Vea,AR-M,-34.620499,-68.317101,9,584
Vea,Vea,AR-M,-34.612801,-68.340302,9,191
Vea,Vea,AR-M,-33.776299,-69.061996,9,548
Vea,Vea,AR-M,-33.363602,-69.143600,9,545
Vea,Vea,AR-M,-33.086498,-68.461899,9,399
Vea,Vea,AR-M,-33.086300,-68.480698,9,183
Vea,Vea,AR-M,-33.081799,-68.472198,9,182
Vea,Vea,AR-M,-33.070801,-68.472900,9,184
Vea,Vea,AR-M,-33.035900,-68.878998,9,220
Vea,Vea,AR-M,-33.032501,-68.877701,9,185
Vea,Vea,AR-M,-32.982399,-68.788300,9,187
Vea,Vea,AR-M,-32.979801,-68.858200,9,5225
Vea,Vea,AR-M,-32.955700,-68.857697,9,192
Vea,Vea,AR-M,-32.941399,-68.848297,9,176
Vea,Vea,AR-M,-32.939301,-68.834702,9,171
Vea,Vea,AR-M,-32.917400,-68.846100,9,170
Vea,Vea,AR-M,-32.916901,-68.837997,9,5222
Vea,Vea,AR-M,-32.914001,-68.822800,9,857
Vea,Vea,AR-M,-32.912701,-68.876198,9,175
Vea,Vea,AR-M,-32.912201,-68.785797,9,401
Vea,Vea,AR-M,-32.906200,-68.782898,9,398
Vea,Vea,AR-M,-32.903900,-68.803398,9,173
Vea,Vea,AR-M,-32.902901,-68.832901,9,400
Vea,Vea,AR-M,-32.901798,-68.797096,9,189
Vea,Vea,AR-M,-32.899700,-68.859802,9,188
Vea,Vea,AR-M,-32.894199,-68.789001,9,172
Vea,Vea,AR-M,-32.889702,-68.859001,9,174
Vea,Vea,AR-M,-32.888401,-68.825203,9,196
Vea,Vea,AR-M,-32.882099,-68.841499,9,402
Vea,Vea,AR-M,-32.875999,-68.883598,9,546
Vea,Vea,AR-M,-32.870701,-68.833702,9,180
Vea,Vea,AR-M,-32.868099,-68.856400,9,855
Vea,Vea,AR-M,-32.862801,-68.822197,9,190
Vea,Vea,AR-M,-32.851200,-68.841202,9,179
Vea,Vea,AR-M,-32.841099,-68.821297,9,856
Vea,Vea,AR-Q,-38.959599,-68.092499,9,5216
Vea,Vea,AR-Q,-38.956200,-68.066399,9,902
Vea,Vea,AR-R,-39.045101,-67.577797,9,910
Vea,Vea,AR-R,-39.019600,-67.585999,9,901
Vea,Vea,AR-R,-38.938702,-67.988998,9,433
Vea,Vea,AR-S,-33.766602,-61.966599,9,953
Vea,Vea,AR-S,-32.922298,-60.803398,9,430
Vea,Vea,AR-S,-32.909401,-60.685001,9,5218
Vea,Vea,AR-T,-27.588900,-65.620201,9,906
Vea,Vea,AR-T,-27.350300,-65.600800,9,904
Vea,Vea,AR-T,-27.169901,-65.499901,9,903
Vea,Vea,AR-T,-26.839800,-65.222801,9,134
Vea,Vea,AR-T,-26.837299,-65.209999,9,71
Vea,Vea,AR-T,-26.832800,-65.228203,9,660
Vea,Vea,AR-T,-26.825500,-65.216797,9,125
Vea,Vea,AR-T,-26.823400,-65.240402,9,73
Vea,Vea,AR-T,-26.822901,-65.177002,9,958
Vea,Vea,AR-T,-26.822001,-65.261497,9,5227
Vea,Vea,AR-T,-26.814899,-65.282501,9,70
Vea,Vea,AR-T,-26.809401,-65.247902,9,72
Vea,Vea,AR-U,-45.873299,-67.493500,9,5277
Vea,Vea,AR-U,-43.264801,-65.279701,9,752
Vea,Vea,AR-U,-42.768299,-65.039001,9,706
Vea,Vea,AR-W,-29.705799,-57.097500,9,691
Vea,Vea,AR-W,-29.136999,-59.264599,9,688
Vea,Vea,AR-X,-33.138302,-64.353798,9,479
Vea,Vea,AR-X,-33.116001,-64.350899,9,113
Vea,Vea,AR-X,-33.110500,-64.340103,9,195
Vea,Vea,AR-X,-32.698101,-62.104599,9,503
Vea,Vea,AR-X,-32.618999,-62.693802,9,478
Vea,Vea,AR-X,-32.408600,-63.256500,9,232
Vea,Vea,AR-X,-32.174000,-64.109398,9,690
Vea,Vea,AR-X,-31.655899,-64.409897,9,954
Vea,Vea,AR-X,-31.651199,-64.426903,9,725
Vea,Vea,AR-X,-31.453600,-64.206200,9,466
Vea,Vea,AR-X,-31.450701,-64.176697,9,460
Vea,Vea,AR-X,-31.447800,-64.198997,9,28
Vea,Vea,AR-X,-31.445000,-64.186798,9,472
Vea,Vea,AR-X,-31.436701,-64.500702,9,448
Vea,Vea,AR-X,-31.433300,-64.156799,9,453
Vea,Vea,AR-X,-31.430300,-64.219002,9,437
Vea,Vea,AR-X,-31.428801,-62.089401,9,464
Vea,Vea,AR-X,-31.427700,-64.188004,9,441
Vea,Vea,AR-X,-31.425200,-64.184799,9,435
Vea,Vea,AR-X,-31.423500,-64.147202,9,432
Vea,Vea,AR-X,-31.422501,-64.182297,9,440
Vea,Vea,AR-X,-31.418800,-64.495102,9,233
Vea,Vea,AR-X,-31.413700,-64.165604,9,473
Vea,Vea,AR-X,-31.413000,-64.485199,9,449
Vea,Vea,AR-X,-31.412600,-64.161598,9,451
Vea,Vea,AR-X,-31.410801,-64.192703,9,439
Vea,Vea,AR-X,-31.405399,-64.211899,9,455
Vea,Vea,AR-X,-31.403400,-64.165497,9,32
Vea,Vea,AR-X,-31.398100,-64.182503,9,33
Vea,Vea,AR-X,-31.380600,-64.222900,9,436
Vea,Vea,AR-X,-31.380199,-64.214699,9,60
Vea,Vea,AR-X,-31.379601,-64.175598,9,114
Vea,Vea,AR-X,-31.367001,-64.219398,9,468
Vea,Vea,AR-X,-31.363001,-64.236702,9,29
Vea,Vea,AR-X,-31.352699,-64.246201,9,475
Vea,Vea,AR-X,-31.346800,-64.280502,9,709
Vea,Vea,AR-X,-31.345100,-64.338799,9,485
Vea,Vea,AR-X,-31.301500,-64.285599,9,583
Vea,Vea,AR-X,-31.244499,-64.465897,9,450
Vea,Vea,AR-X,-31.183300,-64.333298,9,843
Vea,Vea,AR-X,-31.093000,-64.483002,9,452
Vea,Vea,AR-X,-30.980400,-64.096001,9,456
Vea,Vea,AR-X,-30.724899,-64.800499,9,842
Vea,Vea,AR-Y,-24.187201,-65.320396,9,645
Vea,Vea,AR-Y,-24.182899,-65.306297,9,646
Vea,Vea,AR-Y,-23.813700,-64.793404,9,729
